.x	directed_graph_diameter_weighted	directed_argum_diameter_weighted_0	directed_argum_diameter_weighted_09	directed_conclusions_diameter_weighted_0	directed_conclusions_diameter_weighted_09	directed_conclusions_diameter_unweighted_09	directed_graph_eigenvector_centralization	directed_argum_eigenvector_centralization_0	directed_argum_eigenvector_centralization_09	directed_conclusions_eigenvector_centralization_0	directed_conclusions_eigenvector_centralization_09	directed_graph_eigenvector_theoretical_max	directed_argum_eigenvector_theoretical_max_0	directed_argum_eigenvector_theoretical_max_09	directed_conclusions_eigenvector_theoretical_max_0	directed_conclusions_eigenvector_theoretical_max_09
Dopis ID_dluh.md--65ec336dc6537d54ff05dd0f	0.057600000000000096	0.057600000000000096	0.057600000000000096	0.008399999999999963	0.008399999999999963	1	0.0967741935483871	0.15789473684210525	0.15789473684210525	0.25	0.25	31	19	19	4	4
Rozhodnutí odboj_jinak_Novák.md--65ec336dc6537d54ff05dd0f	0.4041000000000001	0.4041000000000001	0.4041000000000001	0	0	0	0.25	0.6666666666666666	0.6666666666666666	0	0	8	3	3	1	1
Rozhodnutí odboj.md--65ec336dc6537d54ff05dd0f	0.6179000000000001	0.6179000000000001	0.0774999999999999	0.05929999999999991	0	0	0.4	0.8	0.6666666666666666	0.5	0	10	5	3	2	1
UOOUOsobniUdajePotom.md--65ec336dc6537d54ff05dd0f	0.19669999999999987	0.19669999999999987	0.19669999999999987	0	0	0	0.2	0.4	0.5	0	0	10	5	4	1	1
UOOUOsobniUdajePuvodne.md--65ec336dc6537d54ff05dd0f	0.07820000000000005	0.07820000000000005	0.07820000000000005	0.021400000000000086	0.021400000000000086	1	0.23529411764705882	0.3076923076923077	0.5714285714285714	1	1	17	13	7	1	1
09_Zastoupeni_CD_JSm.md--65ec336dc6537d54ff05dd0f	0.246	0.246	0.246	0.1068	0.1068	1	0.2	0.5	0.5	0.5	0.5	15	6	6	2	2
KVOP_19_Stavarska_zprava_JSm.md--65ec336dc6537d54ff05dd0f	0.17220000000000013	0.17220000000000013	0.17220000000000013	0.14529999999999998	0.14529999999999998	1	0.32	0.38095238095238093	0.38095238095238093	0.6666666666666666	0.6666666666666666	25	21	21	3	3
stavarska-1_kusv.md--65ec336dc6537d54ff05dd0f	0.0645	0.0645	0.0645	0.03869999999999996	0.03869999999999996	1	0.35135135135135137	0.41935483870967744	0.48148148148148145	0.3076923076923077	0.36363636363636365	37	31	27	13	11
stavarska-2_orig.md--65ec336dc6537d54ff05dd0f	0.06550000000000011	0.06550000000000011	0.062000000000000055	0.05580000000000007	0.03170000000000006	1	0.32432432432432434	0.4	0.375	0.5833333333333334	0.5555555555555556	37	30	24	12	9
Ockovani_JSm.md--65ec336dc6537d54ff05dd0f	0.2885	0.2885	0.2885	0	0	0	0.25	0.2857142857142857	0.2857142857142857	0	0	8	7	7	1	1
KVOP_zprava_invalidni_duchod_přepis.md--65ec336dc6537d54ff05dd0f	0.38680000000000003	0.38680000000000003	0.38680000000000003	0	0	0	0.14285714285714285	0.3333333333333333	0.3333333333333333	0	0	14	6	6	2	2
KVOP_zprava_invalidní_duchod_puv.md--65ec336dc6537d54ff05dd0f	0.059800000000000075	0.059800000000000075	0.059800000000000075	0	0	0	0.10714285714285714	0.14285714285714285	0.3333333333333333	0	0	28	21	9	4	2
MV_Odneti_trvaleho_pobytu_Kru_po.md--65ec336dc6537d54ff05dd0f	0.37359999999999993	0.37359999999999993	0.37359999999999993	0	0	0	0.2222222222222222	0.5	0.5	0	0	9	4	4	1	1
MV_Odneti_trvaleho_pobytu_Kru_orig.md--65ec336dc6537d54ff05dd0f	0.2835000000000001	0.2835000000000001	0.08549999999999991	0	0	0	0.16666666666666666	0.3333333333333333	0.25	0	0	12	6	4	2	1
zaloba-1_orig.md--65ec336dc6537d54ff05dd0f	0.28	0.28	0.28	0.16310000000000002	0.16310000000000002	1	0.3076923076923077	0.5	0.5	0.6666666666666666	0.6666666666666666	13	8	8	3	3
230711_Insolvence.md--65ec336dc6537d54ff05dd0f	0.19280000000000008	0.19280000000000008	0.19280000000000008	0.025700000000000056	0.025700000000000056	1	0.4074074074074074	0.5789473684210527	0.5789473684210527	0.5	0.5	27	19	19	6	6
důchod_jinak.md--65f07795c6537d54ff05dd61	0.16480000000000006	0.16480000000000006	0.16480000000000006	0.05020000000000002	0.05020000000000002	1	0.5142857142857142	0.6666666666666666	0.6666666666666666	0.7142857142857143	0.7142857142857143	35	27	27	14	14
vrátit podporu_jinak.md--65f07795c6537d54ff05dd61	0.21649999999999991	0.21649999999999991	0.21649999999999991	0.07519999999999993	0.07519999999999993	1	0.2857142857142857	0.5	0.5	0.4	0.4	21	12	12	5	5
vrátit podporu_původní.md--65f07795c6537d54ff05dd61	0.09539999999999993	0.09539999999999993	0.09539999999999993	0	0	0	0.0625	0.08695652173913043	0.1111111111111111	0	0	32	23	18	4	2
ockovani-1_kusv.md--65f07795c6537d54ff05dd61	0.4112	0.4112	0.4112	0.0968	0.0968	1	0.4166666666666667	0.5	0.5	1	1	12	10	10	2	2
ockovani-3_orig.md--65f07795c6537d54ff05dd61	0.39369999999999994	0.39369999999999994	0.39369999999999994	0.12969999999999993	0.12969999999999993	1	0.36363636363636365	0.4444444444444444	0.5	1	1	11	9	8	1	1
stavarska-1_kusv.md--65f07795c6537d54ff05dd61	0.08190000000000008	0.08190000000000008	0.08190000000000008	0.04580000000000006	0.04580000000000006	1	0.2857142857142857	0.43478260869565216	0.45454545454545453	0.125	0.125	35	23	22	8	8
stavarska-2_orig.md--65f07795c6537d54ff05dd61	0.0858000000000001	0.0858000000000001	0.0858000000000001	0.0596000000000001	0.0596000000000001	1	0.28205128205128205	0.4230769230769231	0.4166666666666667	0.5	0.5	39	26	24	8	8
zaloba-1_orig.md--65f07795c6537d54ff05dd61	0.17279999999999984	0.17279999999999984	0.17279999999999984	0.08509999999999995	0.08509999999999995	1	0.15384615384615385	0.26666666666666666	0.26666666666666666	0.2	0.2	26	15	15	5	5
invalidní důchod_1399-23_původní.md--65f07795c6537d54ff05dd61	0.19819999999999993	0.19819999999999993	0.19819999999999993	0	0	0	0.18518518518518517	0.23809523809523808	0.29411764705882354	0	0	27	21	17	6	4
invalidní důchod_1399-23_přepis.md--65f07795c6537d54ff05dd61	0.20389999999999997	0.20389999999999997	0.20389999999999997	0.05339999999999989	0.05339999999999989	1	0.25	0.36	0.36	0.42857142857142855	0.42857142857142855	36	25	25	7	7
důchod-dorovnávací přídavek_1298-23_původní.md--65f07795c6537d54ff05dd61	0.061900000000000066	0.061900000000000066	0.05650000000000022	0.035700000000000065	0.026499999999999968	1	0.31645569620253167	0.423728813559322	0.4791666666666667	0.6956521739130435	0.7	79	59	48	23	20
zaloba-2_kusv.md--65f07795c6537d54ff05dd61	0.1600999999999999	0.1600999999999999	0.1600999999999999	0.12030000000000007	0.12030000000000007	1	0.2	0.3333333333333333	0.3333333333333333	0.3333333333333333	0.3333333333333333	25	15	15	6	6
důchod-dorovnávací přídavek_1298-23_přepis.md--65f07795c6537d54ff05dd61	0.15870000000000006	0.15870000000000006	0.15870000000000006	0.0535000000000001	0.0535000000000001	1	0.6976744186046512	0.8333333333333334	0.8333333333333334	0.8571428571428571	0.8571428571428571	43	36	36	21	21
29 A 80-2021_20231122101241.md--6549578ac6537d54ff05c2d4	0.19540000000000002	0.19540000000000002	0.19540000000000002	0.02839999999999998	0.02839999999999998	1	0.09615384615384616	0.13157894736842105	0.12903225806451613	0.3333333333333333	0.2	52	38	31	6	5
MATTEL INC v.md--6549578ac6537d54ff05c2d4	0.13480000000000003	0.13480000000000003	0.13480000000000003	0.038000000000000034	0.038000000000000034	1	0.23076923076923078	0.27906976744186046	0.3076923076923077	0.4	0.4	52	43	39	5	5
Tucker vs Southwestern .md--6549578ac6537d54ff05c2d4	0.12030000000000007	0.12030000000000007	0.12030000000000007	0	0	0	0.4642857142857143	0.5416666666666666	0.5416666666666666	0	0	28	24	24	6	6
NSS_708487.txt--65ec336dc6537d54ff05dd0f	0.3127	0.3127	0.3127	0.12590000000000012	0.12590000000000012	1	0.3333333333333333	0.5454545454545454	0.5454545454545454	0.3333333333333333	0.3333333333333333	18	11	11	3	3
scott vs harris.md--6549578ac6537d54ff05c2d4	0.21029999999999993	0.21029999999999993	0.21029999999999993	0	0	0	0.32	0.5	0.5	0	0	25	16	16	2	2
NSS_708496.txt--65ec336dc6537d54ff05dd0f	0.1902999999999999	0.1902999999999999	0.1902999999999999	0	0	0	0.24242424242424243	0.32	0.32	0	0	33	25	25	9	9
NSS_708170.txt--65ec336dc6537d54ff05dd0f	0.32099999999999995	0.32099999999999995	0.32099999999999995	0	0	0	0.2	0.4444444444444444	0.4444444444444444	0	0	20	9	9	3	3
33 Cdo 30_2024.md--677e86e4c6537d54ff065092	0.25859999999999994	0.25859999999999994	0.25859999999999994	0.061900000000000066	0.061900000000000066	1	0.4418604651162791	0.5757575757575758	0.59375	0.3	0.3	43	33	32	10	10
22 cdo 2827_2018.md--677e86e4c6537d54ff065092	0.43020000000000014	0.43020000000000014	0.43020000000000014	0.05269999999999997	0.05269999999999997	1	0.4642857142857143	0.5652173913043478	0.5	0.1	0.1111111111111111	28	23	20	10	9
23 cdo 2938_2020.md--677e86e4c6537d54ff065092	0.5307	0.5307	0.1338999999999999	0.033400000000000096	0.033400000000000096	1	0.4634146341463415	0.6333333333333333	0.5862068965517241	0.2	0.2	41	30	29	10	10
Krajsky urad_rozhodnuti zmocneni.md--677e86e4c6537d54ff065092	0.3921000000000001	0.3921000000000001	0.3921000000000001	0.30180000000000007	0.30180000000000007	1	0.26666666666666666	0.4444444444444444	0.4444444444444444	1	1	15	9	9	2	2
Pravni rada_najemne.md--677e86e4c6537d54ff065092	0.2526999999999999	0.2526999999999999	0.2526999999999999	0	0	0	0.4375	0.5833333333333334	0.5833333333333334	0	0	16	12	12	2	2
8-A-149-2019-99-www-nssoud-cz.md--677e86e4c6537d54ff065092	0.41700000000000004	0.41700000000000004	0.41700000000000004	0.04039999999999999	0.04039999999999999	1	0.38461538461538464	0.5357142857142857	0.5357142857142857	0.2727272727272727	0.2727272727272727	39	28	28	11	11
25-C-205-2023-79-www-justice-cz.md--677e86e4c6537d54ff065092	0.21700000000000008	0.21700000000000008	0.21700000000000008	0.06420000000000003	0.06420000000000003	1	0.3125	0.45454545454545453	0.45454545454545453	0.375	0.375	32	22	22	8	8
NSS_645198.txt--6549578ac6537d54ff05c2d4	0.14680000000000004	0.14680000000000004	0.14680000000000004	0.035700000000000065	0.035700000000000065	1	0.28	0.4117647058823529	0.4117647058823529	0.5	0.5	25	17	17	4	4
26 cdo 1984_2018.md--677e86e4c6537d54ff065092	0.3355999999999999	0.3355999999999999	0.3355999999999999	0.056599999999999984	0.056599999999999984	1	0.3055555555555556	0.39285714285714285	0.39285714285714285	0.09090909090909091	0.09090909090909091	36	28	28	11	11
29 nd 243_2018.md--677e86e4c6537d54ff065092	0.8131999999999999	0.8131999999999999	0.8131999999999999	0.21500000000000008	0.21500000000000008	1	0.4	0.8	0.8	1	1	10	5	5	2	2
27 cdo 2805_2021.md--677e86e4c6537d54ff065092	0.24360000000000004	0.24360000000000004	0.24360000000000004	0.07010000000000005	0.07010000000000005	1	0.3877551020408163	0.59375	0.59375	0.5	0.5	49	32	32	10	10
27 cdo 544_2023.md--677e86e4c6537d54ff065092	0.4628000000000001	0.4628000000000001	0.4628000000000001	0.029400000000000093	0.029400000000000093	1	0.3333333333333333	0.5714285714285714	0.5714285714285714	0.16666666666666666	0.16666666666666666	36	21	21	6	6
27 cdo 935_2022.md--677e86e4c6537d54ff065092	0.3961999999999999	0.3961999999999999	0.3961999999999999	0.06289999999999996	0.06289999999999996	1	0.23529411764705882	0.5	0.5	0.5	0.5	34	16	16	4	4
29 icdo 118_2020.md--677e86e4c6537d54ff065092	0.13880000000000003	0.13880000000000003	0.13880000000000003	0	0	0	0.23684210526315788	0.42857142857142855	0.3333333333333333	0	0	38	21	18	4	2
NSS_645280.txt--6549578ac6537d54ff05c2d4	0.19619999999999993	0.19619999999999993	0.19619999999999993	0.024599999999999955	0.024599999999999955	1	0.23333333333333334	0.3333333333333333	0.3333333333333333	0.14285714285714285	0.14285714285714285	30	21	21	7	7
NSS_645661.txt--6549578ac6537d54ff05c2d4	0.22320000000000007	0.22320000000000007	0.22320000000000007	0.03299999999999992	0.03299999999999992	1	0.18181818181818182	0.23076923076923078	0.23076923076923078	0.3333333333333333	0.3333333333333333	33	26	26	6	6
NSS_674583.txt--6549578ac6537d54ff05c2d4	0.07499999999999996	0.07499999999999996	0.07499999999999996	0.0250999999999999	0.022499999999999964	1	0.16666666666666666	0.2127659574468085	0.1956521739130435	0.2	0.1111111111111111	60	47	46	10	9
30 cdo 1339_2022.md--677e86e4c6537d54ff065092	0.3367	0.3367	0.3367	0.006899999999999906	0.006899999999999906	1	0.36585365853658536	0.5	0.5172413793103449	0.125	0.125	41	30	29	8	8
32-A-6-2021-28-www-nssoud-cz.md--677e86e4c6537d54ff065092	0.22429999999999994	0.22429999999999994	0.22429999999999994	0.052200000000000024	0.052200000000000024	1	0.3142857142857143	0.55	0.55	0.5	0.5	35	20	20	8	8
33 Cdo 1756_2023.md--677e86e4c6537d54ff065092	0.09329999999999994	0.09329999999999994	0.09329999999999994	0	0	0	0.1875	0.3	0.3	0	0	32	20	20	7	7
33 Cdo 3794_2023.md--677e86e4c6537d54ff065092	0.14490000000000003	0.14490000000000003	0.14490000000000003	0.09559999999999991	0.09559999999999991	1	0.32142857142857145	0.5294117647058824	0.5294117647058824	0.5	0.5	28	17	17	6	6
33 cdo 1141_2017.md--677e86e4c6537d54ff065092	0.49229999999999996	0.49229999999999996	0.49229999999999996	0.10670000000000002	0.10670000000000002	1	0.2692307692307692	0.5	0.5384615384615384	0.2	0.2	26	14	13	5	5
35-C-296-2023-68-www-justice-cz.md--677e86e4c6537d54ff065092	0.3416999999999999	0.3416999999999999	0.3416999999999999	0.08200000000000007	0.08200000000000007	1	0.4090909090909091	0.5625	0.5625	0.42857142857142855	0.42857142857142855	22	16	16	7	7
36-C-315-2022-28-www-justice-cz.md--677e86e4c6537d54ff065092	0.5789	0.5789	0.5789	0	0	0	0.4	1	1	0	0	10	4	4	1	1
7 Tdo 607_2023.md--677e86e4c6537d54ff065092	0.2793000000000001	0.2793000000000001	0.2793000000000001	0.05289999999999995	0.05289999999999995	1	0.3333333333333333	0.5121951219512195	0.525	0.21428571428571427	0.21428571428571427	63	41	40	14	14
7-Co-1752-2016-Vyber-judikatury.md--677e86e4c6537d54ff065092	0.36660000000000004	0.36660000000000004	0.36660000000000004	0	0	0	0.42857142857142855	0.8571428571428571	0.8571428571428571	0	0	14	7	7	3	3
8 tz 60_2022.md--677e86e4c6537d54ff065092	0.41400000000000015	0.41400000000000015	0.41400000000000015	0.07679999999999998	0.07679999999999998	1	0.43243243243243246	0.5714285714285714	0.5714285714285714	0.16666666666666666	0.16666666666666666	37	28	28	12	12
VTK_1As278-2024.md--677e86e4c6537d54ff065092	0.18530000000000002	0.18530000000000002	0.18530000000000002	0.03820000000000001	0.03820000000000001	1	0.3870967741935484	0.6	0.6	0.375	0.375	31	20	20	8	8
VTK_1As153-2023.md--677e86e4c6537d54ff065092	0.2587999999999999	0.2587999999999999	0.2587999999999999	0.06380000000000008	0.06380000000000008	1	0.25	0.38095238095238093	0.38095238095238093	0.6666666666666666	0.6666666666666666	32	21	21	6	6
VTK_10Azs459-2021.md--677e86e4c6537d54ff065092	0.5055000000000001	0.5055000000000001	0.5055000000000001	0.15159999999999996	0.15159999999999996	1	0.4166666666666667	0.8333333333333334	0.8333333333333334	0.5	0.5	12	6	6	2	2
VTK_10Azs108-201521.md--677e86e4c6537d54ff065092	0.21320000000000006	0.21320000000000006	0.21320000000000006	0.14149999999999996	0.14149999999999996	1	0.2777777777777778	0.7142857142857143	0.7142857142857143	1	1	18	7	7	3	3
VTK_10As1-2020.md--677e86e4c6537d54ff065092	0.6591	0.6591	0.6591	0.403	0.403	1	0.3	1	1	1	1	10	3	3	1	1
Justice.cz___11_C_339_2024-31.md--677e86e4c6537d54ff065092	0.32000000000000006	0.32000000000000006	0.32000000000000006	0.17809999999999993	0.17809999999999993	1	0.3125	0.625	0.625	0.5	0.5	16	8	8	2	2
Justice.cz___50_C_6_2020-37.md--677e86e4c6537d54ff065092	0.43609999999999993	0.43609999999999993	0.43609999999999993	0.2044999999999999	0.2044999999999999	1	0.35714285714285715	0.7142857142857143	0.7142857142857143	0.5	0.5	14	7	7	2	2
Krajsky urad_usneseni necinnost.md--677e86e4c6537d54ff065092	0.26449999999999996	0.26449999999999996	0.26449999999999996	0.26449999999999996	0.26449999999999996	1	0.3333333333333333	0.5	0.5	1	1	15	10	10	3	3
Obecni urad_rozhodnuti zadost dle 106pdf.md--677e86e4c6537d54ff065092	0.3892	0.3892	0.3892	0	0	0	0.18181818181818182	0.3333333333333333	0.3333333333333333	0	0	11	6	6	2	2
Odbor zivotniho prostredi_rozhodnuti.md--677e86e4c6537d54ff065092	0.3942000000000001	0.3942000000000001	0.3942000000000001	0.2641	0.2641	1	0.3333333333333333	0.75	0.75	1	1	9	4	4	1	1
Pravni rada_kanalizace.md--677e86e4c6537d54ff065092	0.26180000000000003	0.26180000000000003	0.26180000000000003	0.05679999999999996	0.05679999999999996	1	0.4666666666666667	0.5833333333333334	0.5833333333333334	0.3333333333333333	0.3333333333333333	15	12	12	3	3
Pravni rada_kompenzacni bonus.md--677e86e4c6537d54ff065092	0.36560000000000015	0.36560000000000015	0.36560000000000015	0	0	0	0.25	0.6666666666666666	0.6666666666666666	NA	NA	8	3	3	0	0
Pravni rada_oddluzeni.md--677e86e4c6537d54ff065092	0.7801	0.7801	0.7801	0	0	0	0.25	1	1	NA	NA	8	2	2	0	0
Pravni rada_uver SVJ.md--677e86e4c6537d54ff065092	0.3395999999999999	0.3395999999999999	0.3395999999999999	0.0746	0.0746	1	0.35294117647058826	0.6666666666666666	0.75	0.6666666666666666	0.6666666666666666	17	9	8	3	3
Pravni rada_zadost nemocnici.md--677e86e4c6537d54ff065092	0.5467	0.5467	0.5467	0.09309999999999996	0.09309999999999996	1	0.3	0.6	0.6	1	1	10	5	5	1	1
Urad mestske casti_enviro stanovisko.md--677e86e4c6537d54ff065092	0.09980000000000011	0.09980000000000011	0.09980000000000011	0	0	0	0.18181818181818182	0.36363636363636365	0.36363636363636365	0	0	22	11	11	3	3
Urad mestske casti_rozhodnuti trvaly pobyt.md--677e86e4c6537d54ff065092	0.3126	0.3126	0.3126	0.1694	0.1694	1	0.2727272727272727	0.6	0.6	1	1	11	5	5	1	1
NSS_645239.txt--6549578ac6537d54ff05c2d4	0.09060000000000001	0.09060000000000001	0.09060000000000001	0.008299999999999974	0.008299999999999974	1	0.10606060606060606	0.1346153846153846	0.1346153846153846	0.2	0.2	66	52	52	5	5
NSS_645279.txt--6549578ac6537d54ff05c2d4	0.1915	0.1915	0.1915	0.013400000000000079	0.013400000000000079	1	0.13513513513513514	0.2	0.2	1	1	37	25	25	3	3
Mestsky_urad_Rozhodnuti_o_odneti_trvaleho_pobytu_PO.md--65ec336dc6537d54ff05dd0f	0.2732999999999999	0.2732999999999999	0.2732999999999999	0	0	0	0.25	0.5	0.5	0	0	12	6	6	1	1
Mestsky_urad_Rozhodnuti_o_odneti_trvaleho_pobytu_PRED.md--65ec336dc6537d54ff05dd0f	0.2835000000000001	0.2835000000000001	0.2835000000000001	0	0	0	0.16666666666666666	0.3333333333333333	0.5	0	0	12	6	4	2	1
Mestsky_urad_Souhlas_s_prestupkovym_rizenim.md--65ec336dc6537d54ff05dd0f	0.17680000000000007	0.17680000000000007	0.06889999999999996	0	0	0	0.14285714285714285	0.4	1	0	NA	14	5	1	1	0
Mestsky_urad_Vyhlaseni_zameru_vypujcky_casti_pozemku_anonym_rev.md--65ec336dc6537d54ff05dd0f	0.2338	0.2338	0.2338	0.05410000000000004	0.05410000000000004	1	0.1875	0.2727272727272727	0.2727272727272727	0.5	0.5	16	11	11	2	2
Mestsky_urad_Vyhlaseni_zameru_vypujcky_casti_pozemku_anonym.md--65ec336dc6537d54ff05dd0f	0.11580000000000013	0.11580000000000013	0	0	0	0	0.11764705882352941	0.15384615384615385	0	0	0	17	13	6	2	1
Mestsky_urad_Zruseni_TP_2_puvodni.md--65ec336dc6537d54ff05dd0f	0.3656999999999999	0.3656999999999999	0.3656999999999999	0	0	0	0.16666666666666666	0.4	0.5	0	0	12	5	4	1	1
Mestsky_urad_komunalni_poplatek_platebni_vymer_po.md--65ec336dc6537d54ff05dd0f	0.18710000000000004	0.18710000000000004	0.18710000000000004	0	0	0	0.2857142857142857	0.6666666666666666	0.6666666666666666	0	0	7	3	3	1	1
Mestsky_urad_komunalni_poplatek_platebni_vymer_pred.md--65ec336dc6537d54ff05dd0f	0.15349999999999997	0.15349999999999997	0.15349999999999997	0	0	0	0.2222222222222222	0.5	0.5	0	0	9	4	4	1	1
Mestsky_urad_kontrola_po.md--65ec336dc6537d54ff05dd0f	0.3509	0.3509	0.3509	0	0	0	0.25	0.5	0.5	NA	NA	12	6	6	0	0
Mestsky_urad_kontrola_pred.md--65ec336dc6537d54ff05dd0f	0.1524000000000001	0.1524000000000001	0.1524000000000001	0	0	0	0.2222222222222222	0.4	0.5	NA	NA	9	5	4	0	0
Mestsky_urad_vyzva_prestupek_po.md--65ec336dc6537d54ff05dd0f	0.3279000000000001	0.3279000000000001	0.3279000000000001	0	0	0	0.2727272727272727	1	1	NA	NA	11	3	3	0	0
Mestsky_urad_vyzva_prestupek_pred.md--65ec336dc6537d54ff05dd0f	0.3308	0.3308	0.3308	0	0	0	0.2727272727272727	0.75	0.75	NA	NA	11	4	4	0	0
srazky_z_duchodu_puvodni.md--65ec336dc6537d54ff05dd0f	0.0774999999999999	0.0774999999999999	0.0774999999999999	0.03709999999999991	0.03709999999999991	1	0.35294117647058826	0.4444444444444444	0.46153846153846156	0.6	0.6	34	27	26	5	5
sluzebni_hodnoceni_puvodni.md--65f07795c6537d54ff05dd61	0.22910000000000008	0.22910000000000008	0.22910000000000008	0.029199999999999893	0.029199999999999893	2	0.25	0.36363636363636365	0.5	0.7142857142857143	1	32	22	14	7	4
sluzebni_hodnoceni_prepis.md--65f07795c6537d54ff05dd61	0.18310000000000004	0.18310000000000004	0.18310000000000004	0.09949999999999992	0.09949999999999992	1	0.35294117647058826	0.6	0.6	1	1	17	10	10	3	3
srazky_z_duchodu_puvodni.md--65f07795c6537d54ff05dd61	0.09899999999999998	0.09899999999999998	0.09899999999999998	0	0	0	0.044444444444444446	0.058823529411764705	0.2	0	0	45	34	10	4	3
srazky_z_duchodu_prepis.md--65f07795c6537d54ff05dd61	0.28400000000000003	0.28400000000000003	0.28400000000000003	0.11729999999999996	0.11729999999999996	1	0.2727272727272727	0.42857142857142855	0.42857142857142855	1	1	11	7	7	1	1
14_2024_Dopis_protistrane_puv.md--65ec336dc6537d54ff05dd0f	0.3336999999999999	0.3336999999999999	0.3336999999999999	0.06889999999999996	0	0	0.3	0.5	0.5	1	NA	10	6	4	1	0
14_2024_Dopis_protistrane_rev.md--65ec336dc6537d54ff05dd0f	0.3629	0.3629	0.3629	0	0	0	0.2222222222222222	0.5	0.5	NA	NA	9	4	4	0	0
AK_JH_Ustavni_stiznost_predbezko_deti.md--65ec336dc6537d54ff05dd0f	0.12230000000000008	0.12230000000000008	0.12230000000000008	0.036799999999999944	0.036799999999999944	1	0.14285714285714285	0.20833333333333334	0.20833333333333334	0.25	0.25	35	24	24	4	4
AK_JH_Hroch_ustavni_stiznost.md--65ec336dc6537d54ff05dd0f	0.08370000000000011	0.08370000000000011	0.08370000000000011	0.022599999999999953	0.022599999999999953	1	0.2777777777777778	0.3225806451612903	0.3225806451612903	0.3333333333333333	0.3333333333333333	72	62	62	18	18
AK_JH_Podani_US_podpis.md--65ec336dc6537d54ff05dd0f	0.18659999999999988	0.18659999999999988	0.18659999999999988	0	0	0	0.4375	0.5185185185185185	0.5185185185185185	0	0	32	27	27	11	11
KVOP_Odebrani_deti_REV.md--65ec336dc6537d54ff05dd0f	0.10519999999999996	0.10519999999999996	0.10519999999999996	0.056400000000000006	0.056400000000000006	1	0.48936170212765956	0.5897435897435898	0.5897435897435898	0.45454545454545453	0.45454545454545453	47	39	39	11	11
MatFyz_12_text_sachy.md--65ec336dc6537d54ff05dd0f	0.7036	0.7036	0.7036	0	0	0	0.3333333333333333	1	1	NA	NA	6	2	2	0	0
Navrh_Knodlova_opatrovnik_bez.md--65ec336dc6537d54ff05dd0f	0.5136000000000001	0.5136000000000001	0.5136000000000001	0.056599999999999984	0.056599999999999984	1	0.5	0.7777777777777778	0.7777777777777778	0.3333333333333333	0.3333333333333333	14	9	9	3	3
Skvarkova_doplneni_odvolani.md--65ec336dc6537d54ff05dd0f	0.32000000000000006	0.32000000000000006	0.32000000000000006	0.11519999999999997	0.11519999999999997	1	0.5416666666666666	0.5909090909090909	0.5909090909090909	0.5	0.5	24	22	22	8	8
Mestsky_urad_usneseni_-_slouceni_po.md--65ec336dc6537d54ff05dd0f	0.3347	0.3347	0.3347	0.25760000000000005	0.25760000000000005	1	0.3333333333333333	0.6666666666666666	1	0.5	1	12	6	4	2	1
Mestsky_urad_PK-pouceni-dohoda_o_narovnani.md--65ec336dc6537d54ff05dd0f	0.2991999999999999	0.2991999999999999	0.2991999999999999	0	0	0	0.375	0.75	0.75	NA	NA	8	4	4	0	0
PR_Bitova__Nachtegalova.md--65e9fa3ac6537d54ff05dc29	0.0887	0.0887	0.0887	0.04190000000000005	0.04190000000000005	1	0.21875	0.42424242424242425	0.42424242424242425	0.6	0.6	64	33	33	10	10
PR_Konecny__Miliak.md--65e9fa3ac6537d54ff05dc29	0.21940000000000004	0.21940000000000004	0.19530000000000003	0.07990000000000008	0.07990000000000008	1	0.325	0.43333333333333335	0.41379310344827586	0.375	0.375	40	30	29	8	8
PR_Masinova.md--65e9fa3ac6537d54ff05dc29	0.1632	0.1632	0.1632	0.07580000000000009	0.07580000000000009	2	0.36363636363636365	0.5714285714285714	0.5714285714285714	1	1	33	21	21	4	4
Mestsky_urad_Nesoucinnost-U_sroz.md--65ec336dc6537d54ff05dd0f	0.21609999999999996	0.21609999999999996	0.21609999999999996	0	0	0	0.23076923076923078	0.42857142857142855	0.42857142857142855	0	0	13	7	7	1	1
Mestsky_urad_PRIKAZ.md--65ec336dc6537d54ff05dd0f	0.242	0.242	0.242	0.013600000000000056	0.013600000000000056	1	0.4166666666666667	0.5555555555555556	0.5555555555555556	0.14285714285714285	0.14285714285714285	24	18	18	7	7
Mestsky_urad_PRIKAZ_REV2.md--65ec336dc6537d54ff05dd0f	0.26059999999999994	0.26059999999999994	0.26059999999999994	0.017099999999999893	0.017099999999999893	1	0.42424242424242425	0.5833333333333334	0.5833333333333334	0.5	0.5	33	24	24	8	8
Mestsky_urad_prezkoumani_zdravotni_zpusobilosti_sroz.md--65ec336dc6537d54ff05dd0f	0.2934000000000001	0.2934000000000001	0.2934000000000001	0	0	0	0.21428571428571427	0.5	0.5	NA	NA	14	6	6	0	0
Mestsky_urad_Usneseni_narizeni_podrobit_se_prezkoumani_zdravotni_zpusobilosti.md--65ec336dc6537d54ff05dd0f	0.3293999999999999	0.3293999999999999	0.16310000000000002	0	NA	NA	0.3076923076923077	0.6666666666666666	0.5	NA	NA	13	6	4	0	NA
0006_0Vol_2200011_20221208094205.md--65ec336dc6537d54ff05dd0f	0.5089999999999999	0.5089999999999999	0.5089999999999999	0.21700000000000008	0.21700000000000008	1	0.36363636363636365	0.5714285714285714	0.5714285714285714	1	1	11	7	7	1	1
0010_0Vol_2200020_20221207153332.md--65ec336dc6537d54ff05dd0f	0.2722	0.2722	0.2722	0.11509999999999998	0.11509999999999998	1	0.5833333333333334	0.75	0.75	0.6923076923076923	0.6923076923076923	36	28	28	13	13
0217_6Afs_2000035_20210219141328__1_.md--65ec336dc6537d54ff05dd0f	0.10060000000000002	0.10060000000000002	0.10060000000000002	0.057700000000000085	0.057700000000000085	1	0.3137254901960784	0.42105263157894735	0.42105263157894735	0.08333333333333333	0.08333333333333333	51	38	38	12	12
1B_dokument_prepsany_ustanoven_zastupce_vyzva_k_doplneni_kast_pouceni.md--65ec336dc6537d54ff05dd0f	0.1059000000000001	0.1059000000000001	0.1059000000000001	0	0	0	0.15	0.3	0.3	0	0	20	10	10	2	2
1A_dokument_puvodni_ustanoven_zastupce_vyzva_k_doplneni_kast_pouceni.md--65ec336dc6537d54ff05dd0f	0.19569999999999999	0.19569999999999999	0.19569999999999999	0	0	0	0.3333333333333333	0.5	0.5	0	0	18	12	12	4	4
2A_dokument_puvodni_vyzva_k_zaplaceni_SOP_a_k_doplneni_kast_pouceni.md--65ec336dc6537d54ff05dd0f	0.2732999999999999	0.2732999999999999	0.2732999999999999	0	0	0	0.16666666666666666	0.42857142857142855	0.4	NA	NA	18	7	5	0	0
41_A_32-2022_rozsudek_Martina_Kopy_Anna_Rybarova_a_kousava_akita_inu.md--65ec336dc6537d54ff05dd0f	0.06170000000000009	0.06170000000000009	0.06170000000000009	0	0	0	0.1388888888888889	0.25	0.2777777777777778	0	0	36	20	18	6	4
2869_2020_VOP.md--65f07795c6537d54ff05dd61	0.05050000000000021	0.05050000000000021	0.0532999999999999	0.02180000000000004	0.02180000000000004	1	0.24675324675324675	0.3220338983050847	0.3162393162393162	0.27586206896551724	0.25	154	118	117	29	28
27135_2024_S.md--65f07795c6537d54ff05dd61	0.242	0.242	0.242	0	0	0	0.18181818181818182	0.4	0.4	NA	NA	11	5	5	0	0
5791_2023_VOP.md--65f07795c6537d54ff05dd61	0.11220000000000008	0.11220000000000008	0.11220000000000008	0.04039999999999999	0.04039999999999999	2	0.20689655172413793	0.4090909090909091	0.4090909090909091	0.5833333333333334	0.5833333333333334	87	44	44	12	12
3056_2024_VOP.md--65f07795c6537d54ff05dd61	0.16700000000000004	0.16700000000000004	0.16700000000000004	0.03069999999999995	0.03069999999999995	1	0.3137254901960784	0.45714285714285713	0.45714285714285713	0.35714285714285715	0.35714285714285715	51	35	35	14	14
1732_2023_VOP.md--65f07795c6537d54ff05dd61	0.13390000000000013	0.13390000000000013	0.13390000000000013	0.04180000000000006	0.04180000000000006	1	0.3368421052631579	0.4050632911392405	0.4050632911392405	0.5909090909090909	0.5909090909090909	95	79	79	22	22
6421_2023_VOP.md--65f07795c6537d54ff05dd61	0.1381000000000001	0.1381000000000001	0.1381000000000001	0.03760000000000008	0.03760000000000008	1	0.3333333333333333	0.4375	0.4375	0.8	0.8	42	32	32	10	10
6525_2022_VOP.md--65f07795c6537d54ff05dd61	0.20389999999999997	0.20389999999999997	0.20389999999999997	0.07329999999999992	0.07329999999999992	1	0.38095238095238093	0.7272727272727273	0.7272727272727273	1	1	21	11	11	4	4
1411_2023_VOP.md--65f07795c6537d54ff05dd61	0.1463000000000001	0.1463000000000001	0.1463000000000001	0.038999999999999924	0.038999999999999924	1	0.2786885245901639	0.40476190476190477	0.40476190476190477	0.5833333333333334	0.5833333333333334	61	42	42	12	12
1148_2024_VOP.md--65f07795c6537d54ff05dd61	0.2673000000000001	0.2673000000000001	0.14280000000000004	0.11620000000000008	0.11620000000000008	1	0.28	0.3684210526315789	0.3333333333333333	0.4444444444444444	0.4444444444444444	25	19	18	9	9
1776_2024_VOP.md--65f07795c6537d54ff05dd61	0.11830000000000007	0.11830000000000007	0.11830000000000007	0.0394000000000001	0.0394000000000001	1	0.4583333333333333	0.7333333333333333	0.7333333333333333	0.2	0.2	24	15	15	5	5
2673_2024_VOP.md--65f07795c6537d54ff05dd61	0.1795	0.1795	0.1795	0.07869999999999999	0.07869999999999999	1	0.2777777777777778	0.5555555555555556	0.5555555555555556	0.6666666666666666	0.6666666666666666	18	9	9	3	3
2958_2023_VOP.md--65f07795c6537d54ff05dd61	0.2359	0.2359	0.017800000000000038	0	0	0	0.11428571428571428	0.15384615384615385	0.10526315789473684	0	0	35	26	19	8	8
4241_2023_VOP.md--65f07795c6537d54ff05dd61	0.08120000000000016	0.08120000000000016	0.08120000000000016	0.05180000000000007	0.05180000000000007	1	0.28	0.4	0.4	0.4444444444444444	0.4444444444444444	50	35	35	9	9
4842_2023_VOP.md--65f07795c6537d54ff05dd61	0.13949999999999996	0.13949999999999996	0.12260000000000004	0.011700000000000044	0.011700000000000044	1	0.2	0.34375	0.3548387096774194	0.6666666666666666	0.6666666666666666	55	32	31	6	6
857_2024_VOP.md--65f07795c6537d54ff05dd61	0.19740000000000002	0.19740000000000002	0.19740000000000002	0.03709999999999991	0.03709999999999991	1	0.23076923076923078	0.42857142857142855	0.46153846153846156	0.5	0.6666666666666666	26	14	13	4	3
12890_2022_VOP.md--65f07795c6537d54ff05dd61	0.1474000000000002	0.1474000000000002	0.1474000000000002	0.04479999999999995	0.04479999999999995	1	0.175	0.22580645161290322	0.22580645161290322	0.09090909090909091	0.09090909090909091	40	31	31	11	11
15934_2022_VOP.md--65f07795c6537d54ff05dd61	0.21989999999999998	0.21989999999999998	0.12369999999999992	0.048699999999999966	0.0475000000000001	1	0.24489795918367346	0.32432432432432434	0.3333333333333333	0.4166666666666667	0.18181818181818182	49	37	33	12	11
16668_2022_VOP.md--65f07795c6537d54ff05dd61	0.21589999999999998	0.21589999999999998	0.21589999999999998	0.0616000000000001	0.0616000000000001	1	0.30434782608695654	0.3684210526315789	0.3684210526315789	0.3333333333333333	0.3333333333333333	23	19	19	3	3
4834_2023_VOP.md--65f07795c6537d54ff05dd61	0.2206999999999999	0.2206999999999999	0.2206999999999999	0.030999999999999917	0.030999999999999917	1	0.3684210526315789	0.5384615384615384	0.5384615384615384	0.6666666666666666	0.6666666666666666	19	13	13	3	3
5682_2023_VOP.md--65f07795c6537d54ff05dd61	0.19040000000000012	0.19040000000000012	0.19040000000000012	0.023800000000000043	0.023800000000000043	1	0.4090909090909091	0.5294117647058824	0.5294117647058824	0.75	0.75	22	17	17	4	4
6417_2023_VOP.md--65f07795c6537d54ff05dd61	0.14250000000000007	0.14250000000000007	0.14250000000000007	0.07069999999999999	0.07069999999999999	1	0.3157894736842105	0.5	0.6	0.6	0.75	19	12	10	5	4
7056_2023_VOP.md--65f07795c6537d54ff05dd61	0.1874	0.1874	0.1874	0.05790000000000006	0.05790000000000006	1	0.375	0.5769230769230769	0.6	0.6	0.6	40	26	25	10	10
Zlonice_Namitky_k_navrhu_OOP_rev.md--65ec336dc6537d54ff05dd0f	0.19379999999999997	0.19379999999999997	0.1762999999999999	0	0	0	0.29411764705882354	0.45454545454545453	0.5	0	0	17	11	8	4	3
Zaloba_na_zruseni_spoluvlastnictvi_rev.md--65ec336dc6537d54ff05dd0f	0.2391000000000001	0.2391000000000001	0.2391000000000001	0.02200000000000002	0.02200000000000002	1	0.2	0.3125	0.2857142857142857	0.16666666666666666	0.2	25	16	14	6	5
Zaloba_na_zruseni_spoluvlastnictvi.md--65ec336dc6537d54ff05dd0f	0.15270000000000006	0.15270000000000006	0.14749999999999996	0.02079999999999993	0	0	0.24	0.375	0.35714285714285715	0.16666666666666666	0	25	16	14	6	5
Reakce_na_dopis_rev.md--65ec336dc6537d54ff05dd0f	0.16609999999999991	0.16609999999999991	0.16609999999999991	0	0	0	0.35714285714285715	0.4166666666666667	0.4166666666666667	0	0	14	12	12	4	4
Reakce_na_dopis_pracovni.md--65ec336dc6537d54ff05dd0f	0.22849999999999993	0.22849999999999993	0.22849999999999993	0	0	0	0.375	0.42857142857142855	0.42857142857142855	0	0	8	7	7	2	2
Odvolani_rev.md--65ec336dc6537d54ff05dd0f	0.39659999999999984	0.39659999999999984	0.39659999999999984	0	0	0	0.43478260869565216	0.5882352941176471	0.5882352941176471	0	0	23	17	17	5	5
Odvolani.md--65ec336dc6537d54ff05dd0f	0.2929999999999999	0.2929999999999999	0.2929999999999999	0.03180000000000005	0.03180000000000005	1	0.40625	0.5416666666666666	0.5416666666666666	0.125	0.125	32	24	24	8	8
Pravni rada_myslivecky sbor.md--677e86e4c6537d54ff065092	0.6392	0.6392	0.2398	0	0	0	0.4444444444444444	0.8	1	0	0	9	5	4	2	2
0017_0Vol_2200026_20221212160257.md--65ec336dc6537d54ff05dd0f	0.15399999999999991	0.15399999999999991	0.15399999999999991	0.07139999999999991	0.07139999999999991	1	0.23076923076923078	0.3333333333333333	0.3333333333333333	0.14285714285714285	0.14285714285714285	26	18	18	7	7
Zlonice_Namitky_k_navrhu_OOP.md--65ec336dc6537d54ff05dd0f	0.21629999999999994	0.21629999999999994	0.15480000000000005	0	0	0	0.21428571428571427	0.375	0.4	0	0	14	8	5	3	2
230514_Policejni_zprava_orig.md--65ec336dc6537d54ff05dd0f	0.08830000000000005	0.08830000000000005	0.08830000000000005	0	0	0	0.07142857142857142	0.1111111111111111	0.1111111111111111	0	0	14	9	9	4	4
025010As__2300064_20240523091704.md--6549578ac6537d54ff05c2d4	0.0492999999999999	0.0492999999999999	0.0492999999999999	0	0	0	0.013513513513513514	0.015873015873015872	0.017543859649122806	0	0	74	63	57	12	10
Mestsky_urad__Vyzva_k_odstraneni_trabanta.md--65ec336dc6537d54ff05dd0f	0.1966000000000001	0.1966000000000001	0.1966000000000001	NA	NA	NA	0.1111111111111111	0.5	0.5	NA	NA	9	2	2	NA	NA
Mestsky_urad_usneseni_-_slouceni_pred.md--65ec336dc6537d54ff05dd0f	0.4716	0.4716	0.4716	0	0	0	0.16666666666666666	1	1	NA	NA	6	1	1	0	0
Odvolani_proti_rozhodnuti_o_nepovoleni_kaceni_rev.md--65ec336dc6537d54ff05dd0f	0.0686	0.0686	0.059499999999999886	0	0	0	0.14285714285714285	0.16666666666666666	0.14285714285714285	0	0	14	12	7	4	3
Odvolani_proti_rozhodnuti_o_nepovoleni_kaceni.md--65ec336dc6537d54ff05dd0f	0.06830000000000003	0.06830000000000003	0.05489999999999995	0	0	0	0.18181818181818182	0.2222222222222222	0.16666666666666666	0	0	11	9	6	3	2
Odvod_dulnich_vod_Porubice.md--65ec336dc6537d54ff05dd0f	0.8346	0.8346	0.8346	0	0	0	0.25	0.5	0.5	NA	NA	4	2	2	0	0
Dopis ID_dluh_jinak.md--65ec336dc6537d54ff05dd0f	0	0	0	0	0	0	0	0	0	0	0	24	12	12	4	4
Dopis vysvětlující dopis klientovi rev.md--65ec336dc6537d54ff05dd0f	0	0	0	0	0	0	0	0	0	NA	NA	9	5	5	0	0
ockovani-1_kusv.md--65ec336dc6537d54ff05dd0f	0	0	0	0	0	0	0	0	0	0	0	12	11	9	1	1
ockovani-3_orig.md--65ec336dc6537d54ff05dd0f	0	0	0	0	0	0	0	0	0	NA	NA	7	6	4	0	0
11_vizum_po.md--65ec336dc6537d54ff05dd0f	0	0	0	0	0	0	0	0	0	0	0	16	6	6	1	1
11_vizum_pred.md--65ec336dc6537d54ff05dd0f	0	0	0	0	0	0	0	0	0	0	0	35	25	12	9	5
zaloba-2_kusv.md--65ec336dc6537d54ff05dd0f	0	0	0	0	0	0	0	0	0	0	0	15	9	9	4	4
důchod_původní.md--65f07795c6537d54ff05dd61	0	0	0	0	0	0	0	0	0	0	0	23	16	6	2	1
MV_KUVK_stiznost.md--65ec336dc6537d54ff05dd0f	0	0	0	0	0	0	0	0	NA	NA	NA	11	6	0	0	0
Mestsky_urad_Nesoucinnost-U.md--65ec336dc6537d54ff05dd0f	0	0	0	0	0	0	0	0	0	0	NA	9	4	2	1	0
Dopis vysvětlující dopis klientovi.md--65ec336dc6537d54ff05dd0f	0	0	0	NA	NA	NA	0	0	0	NA	NA	10	3	3	NA	NA
Dopis_studentské brigády.md--65ec336dc6537d54ff05dd0f	0	0	0	NA	NA	NA	0	0	0	NA	NA	9	6	5	NA	NA
Dopis_studentské_brigády_jinak.md--65ec336dc6537d54ff05dd0f	0	0	0	NA	NA	NA	0	0	0	NA	NA	12	7	7	NA	NA
Mestsky_urad_Vyzva_k_zaplaceni_nakladu_rizeni_sroz.md--65ec336dc6537d54ff05dd0f	0	0	0	NA	NA	NA	0	NA	NA	NA	NA	4	0	0	NA	NA
Mestsky_urad_Vyzva_k_zaplaceni_nakladu_rizeni_pred.md--65ec336dc6537d54ff05dd0f	0	0	NA	NA	NA	NA	0	NA	NA	NA	NA	5	0	NA	NA	NA
Pravni-rada-Knapova.md--65ec336dc6537d54ff05dd0f	0	0	0	NA	NA	NA	0	0	0	NA	NA	24	8	4	NA	NA
PR_Turek.md--65ec336dc6537d54ff05dd0f	0	0	0	NA	NA	NA	0	0	0	NA	NA	33	14	9	NA	NA
