.x	graph_edge_density	argum_edge_density_0	argum_edge_density_09	conclusions_edge_density_0	conclusions_edge_density_09	graph_edge_count	argum_edge_count_0	argum_edge_count_09	conclusions_edge_count_0	conclusions_edge_count_09	graph_vertex_count	argum_vertex_count_0	argum_vertex_count_09	conclusions_vertex_count_0	conclusions_vertex_count_09	graph_transitivity_global	argum_transitivity_global_0	argum_transitivity_global_09	conclusions_transitivity_global_0	conclusions_transitivity_global_09	graph_diameter_weighted	argum_diameter_weighted_0	argum_diameter_weighted_09	conclusions_diameter_weighted_0	conclusions_diameter_weighted_09	conclusions_diameter_unweighted_09	graph_eigenvector_centralization	argum_eigenvector_centralization_0	argum_eigenvector_centralization_09	conclusions_eigenvector_centralization_0	conclusions_eigenvector_centralization_09	graph_eigenvector_theoretical_max	argum_eigenvector_theoretical_max_0	argum_eigenvector_theoretical_max_09	conclusions_eigenvector_theoretical_max_0	conclusions_eigenvector_theoretical_max_09
Dopis ID_dluh.md--65ec336dc6537d54ff05dd0f	0.012096774193548387	0.031578947368421054	0.031578947368421054	0.1	0.1	6	6	1	1	1	32	20	20	5	5	1	1	1	0	0	0.057600000000000096	0.057600000000000096	0.057600000000000096	0.008399999999999963	0.008399999999999963	1	0.9333333333333333	0.8888888888888888	0.8888888888888888	1	1.0000000000000002	30	18	18	3	3
Rozhodnutí odboj_jinak_Novák.md--65ec336dc6537d54ff05dd0f	0.08333333333333333	0.5	0.5	0	0	3	3	0	0	0	9	4	4	2	2	1	1	1	0	0	0.4041000000000001	0.4041000000000001	0.4041000000000001	0	0	0	0.8571428571428573	0.5000000000000002	0.5000000000000004	NA	NA	7	2	2	0	0
Rozhodnutí odboj.md--65ec336dc6537d54ff05dd0f	0.16363636363636364	0.6	0.3333333333333333	0.3333333333333333	0	9	9	0	1	0	11	6	4	3	2	0.875	0.875	0	0	0	0.6179000000000001	0.6179000000000001	0.14300000000000002	0.05929999999999991	0	0	0.7060276321039345	0.33856217223385254	0.7928932188134525	1.0000000000000002	NA	9	4	2	1	0
UOOUOsobniUdajePotom.md--65ec336dc6537d54ff05dd0f	0.09090909090909091	0.33333333333333337	0.5	0	0	5	5	0	0	0	11	6	5	2	2	0.75	0.75	0.75	0	0	0.3862000000000001	0.3862000000000001	0.3862000000000001	0	0	0	0.8264941319101299	0.6096117967977925	0.47948239573039003	NA	NA	9	4	3	0	0
UOOUOsobniUdajePuvodne.md--65ec336dc6537d54ff05dd0f	0.08496732026143791	0.14285714285714285	0.4642857142857143	1	1	13	13	1	1	1	18	14	8	2	2	0.8181818181818182	0.8181818181818182	0.8181818181818182	0	0	0.07820000000000005	0.07820000000000005	0.07820000000000005	0.021400000000000086	0.021400000000000086	1	0.7892324172956866	0.7189765563942488	0.43795311278849763	NA	NA	16	12	6	0	0
09_Zastoupeni_CD_JSm.md--65ec336dc6537d54ff05dd0f	0.05	0.2857142857142857	0.2857142857142857	0.3333333333333333	0.3333333333333333	6	6	1	1	1	16	7	7	3	3	1	1	1	0	0	0.246	0.246	0.246	0.1068	0.1068	1	0.8571428571428571	0.6	0.6000000000000002	1.0000000000000002	1.0000000000000004	14	5	5	1	1
KVOP_19_Stavarska_zprava_JSm.md--65ec336dc6537d54ff05dd0f	0.11076923076923077	0.15584415584415584	0.15584415584415584	0.5	0.5	36	36	3	3	3	26	22	22	4	4	0.6528497409326425	0.6528497409326425	0.6528497409326425	1	1	0.20740000000000003	0.20740000000000003	0.20740000000000003	0.14529999999999998	0.14529999999999998	1	0.7671376612853296	0.7205651935423955	0.720565193542395	0.5	0.5	24	20	20	2	2
stavarska-1_kusv.md--65ec336dc6537d54ff05dd0f	0.03982930298719772	0.056451612903225805	0.07407407407407407	0.054945054945054944	0.07575757575757576	28	28	5	5	5	38	32	28	14	12	0.88	0.88	0.88	1	1	0.0645	0.0645	0.0645	0.03869999999999996	0.03869999999999996	1	0.9110702128272433	0.893284255392692	0.8768664485300289	0.9166666666666669	0.9	36	30	26	12	10
stavarska-2_orig.md--65ec336dc6537d54ff05dd0f	0.04836415362731152	0.07311827956989246	0.07333333333333333	0.16666666666666666	0.2	34	34	9	13	9	38	31	25	13	10	0.9609375	0.9609375	0.9375	1	1	0.06550000000000011	0.06550000000000011	0.062000000000000055	0.05580000000000007	0.03170000000000006	1	0.8682872948118349	0.836494572869864	0.8390625165775468	0.5465264917806135	0.7499999999999997	36	29	23	11	8
Ockovani_JSm.md--65ec336dc6537d54ff05dd0f	0.19444444444444445	0.25	0.25	0	0	7	7	0	0	0	9	8	8	2	2	0.6	0.6	0.6	0	0	0.4203000000000001	0.4203000000000001	0.4203000000000001	0	0	0	0.7142857142857143	0.6666666666666666	0.6666666666666666	NA	NA	7	6	6	0	0
KVOP_zprava_invalidni_duchod_přepis.md--65ec336dc6537d54ff05dd0f	0.028571428571428574	0.14285714285714285	0.14285714285714285	0	0	3	3	0	0	0	15	7	7	3	3	1	1	1	0	0	0.38680000000000003	0.38680000000000003	0.38680000000000003	0	0	0	0.9230769230769231	0.8	0.8	0	0	13	5	5	1	1
KVOP_zprava_invalidní_duchod_puv.md--65ec336dc6537d54ff05dd0f	0.019704433497536946	0.03463203463203463	0.17777777777777778	0	0	8	8	0	0	0	29	22	10	5	3	0.6666666666666666	0.6666666666666666	0.6666666666666666	0	0	0.09400000000000008	0.09400000000000008	0.09400000000000008	0	0	0	0.9171826675000078	0.8881966011250105	0.7204915028125263	0	0	27	20	8	3	1
MV_Odneti_trvaleho_pobytu_Kru_po.md--65ec336dc6537d54ff05dd0f	0.06666666666666667	0.3	0.3	0	0	3	3	0	0	0	10	5	5	2	2	1	1	1	0	0	0.37359999999999993	0.37359999999999993	0.37359999999999993	0	0	0	0.875	0.666666666666667	0.6666666666666669	NA	NA	8	3	3	0	0
MV_Odneti_trvaleho_pobytu_Kru_orig.md--65ec336dc6537d54ff05dd0f	0.038461538461538464	0.14285714285714285	0.1	0	0	3	3	0	0	0	13	7	5	3	2	1	1	0	0	0	0.2835000000000001	0.2835000000000001	0.08549999999999991	0	0	0	0.9090909090909091	0.8	1	0	NA	11	5	3	1	0
zaloba-1_orig.md--65ec336dc6537d54ff05dd0f	0.15384615384615385	0.3888888888888889	0.3888888888888889	0.5	0.5	14	14	3	3	3	14	9	9	4	4	0.9230769230769231	0.9230769230769231	0.9230769230769231	1	1	0.28	0.28	0.28	0.16310000000000002	0.16310000000000002	1	0.6915364901069646	0.47120541161193924	0.4712054116119394	0.5	0.5000000000000002	12	7	7	2	2
230711_Insolvence.md--65ec336dc6537d54ff05dd0f	0.05555555555555555	0.1105263157894737	0.1105263157894737	0.14285714285714285	0.14285714285714285	21	21	3	3	3	28	20	20	7	7	1	1	1	0	0	0.19280000000000008	0.19280000000000008	0.19280000000000008	0.025700000000000056	0.025700000000000056	1	0.6769915127569187	0.593050168483795	0.8888888888888888	1	1	26	18	18	5	5
důchod_jinak.md--65f07795c6537d54ff05dd61	0.08095238095238096	0.1349206349206349	0.1349206349206349	0.18095238095238095	0.18095238095238095	51	51	19	19	19	36	28	28	15	15	1	1	1	1	1	0.16480000000000006	0.16480000000000006	0.16480000000000006	0.05020000000000002	0.05020000000000002	1	0.852941176470588	0.8076923076923077	0.8076923076923077	0.7692307692307693	0.7692307692307693	34	26	26	13	13
vrátit podporu_jinak.md--65f07795c6537d54ff05dd61	0.04329004329004329	0.12820512820512822	0.12820512820512822	0.13333333333333333	0.13333333333333333	10	10	2	2	2	22	13	13	6	6	1	1	1	0	0	0.21649999999999991	0.21649999999999991	0.21649999999999991	0.07519999999999993	0.07519999999999993	1	0.9	0.8181818181818182	0.8181818181818182	0.5455914918286289	0.545346744614037	20	11	11	4	4
vrátit podporu_původní.md--65f07795c6537d54ff05dd61	0.00946969696969697	0.018115942028985508	0.029239766081871343	0	0	5	5	0	0	0	33	24	19	5	3	0.75	0.75	0.75	0	0	0.09539999999999993	0.09539999999999993	0.09539999999999993	0	0	0	0.94962732861907	0.9290203266905077	0.9081439521877158	0	0	31	22	17	3	1
ockovani-1_kusv.md--65f07795c6537d54ff05dd61	0.25641025641025644	0.36363636363636365	0.36363636363636365	1	1	20	20	3	3	3	13	11	11	3	3	0.7582417582417582	0.7582417582417582	0.7582417582417582	1	1	0.4112	0.4112	0.4112	0.0968	0.0968	1	0.5991885267729901	0.5101193105003209	0.5101193105003212	4.440892098500626e-16	0	11	9	9	1	1
ockovani-3_orig.md--65f07795c6537d54ff05dd61	0.19696969696969696	0.2888888888888889	0.3611111111111111	1	1	13	13	1	1	1	12	10	9	2	2	0.6818181818181818	0.6818181818181818	0.6818181818181818	0	0	0.46110000000000007	0.46110000000000007	0.46110000000000007	0.12969999999999993	0.12969999999999993	1	0.6783829330113127	0.5979786662641409	0.5405470471590181	NA	NA	10	8	7	0	0
stavarska-1_kusv.md--65f07795c6537d54ff05dd61	0.031746031746031744	0.07246376811594203	0.07905138339920949	0.027777777777777776	0.027777777777777776	20	20	1	1	1	36	24	23	9	9	0.7317073170731707	0.7317073170731707	0.7317073170731707	0	0	0.08190000000000008	0.08190000000000008	0.08190000000000008	0.04580000000000006	0.04580000000000006	1	0.9097709861322061	0.8605551603861366	0.8539149299283336	1	1	34	22	21	7	7
stavarska-2_orig.md--65f07795c6537d54ff05dd61	0.04358974358974359	0.09686609686609687	0.11	0.2777777777777778	0.2777777777777778	34	34	10	10	10	40	27	25	9	9	0.8432432432432433	0.8432432432432433	0.8432432432432433	1	1	0.0858000000000001	0.0858000000000001	0.0858000000000001	0.0596000000000001	0.0596000000000001	1	0.8399644004477772	0.7567458886806212	0.7355933572615447	0.5714285714285715	0.5714285714285715	38	25	23	7	7
zaloba-1_orig.md--65f07795c6537d54ff05dd61	0.028490028490028487	0.08333333333333333	0.08333333333333333	0.06666666666666667	0.06666666666666667	10	10	1	1	1	27	16	16	6	6	0.75	0.75	0.75	0	0	0.1762999999999999	0.1762999999999999	0.1762999999999999	0.08509999999999995	0.08509999999999995	1	0.8915819055637572	0.8063962599352806	0.8063962599352806	1	1	25	14	14	4	4
invalidní důchod_1399-23_původní.md--65f07795c6537d54ff05dd61	0.021164021164021163	0.03463203463203463	0.0522875816993464	0	0	8	8	0	0	0	28	22	18	7	5	0.5454545454545454	0.5454545454545454	0.5454545454545454	0	0	0.24350000000000005	0.24350000000000005	0.24350000000000005	0	0	0	0.9399402764304295	0.9219223593595585	0.9024029491994481	0	0	26	20	16	5	3
invalidní důchod_1399-23_přepis.md--65f07795c6537d54ff05dd61	0.028528528528528527	0.05846153846153846	0.05846153846153846	0.14285714285714285	0.14285714285714285	19	19	4	4	4	37	26	26	8	8	0.8823529411764706	0.8823529411764706	0.8823529411764706	1	1	0.20389999999999997	0.20389999999999997	0.20389999999999997	0.05339999999999989	0.05339999999999989	1	0.9085293617651644	0.8666053192408648	0.8666053192408648	0.8333333333333335	0.8333333333333334	35	24	24	6	6
důchod-dorovnávací přídavek_1298-23_původní.md--65f07795c6537d54ff05dd61	0.038291139240506325	0.06836158192090395	0.07568027210884354	0.18115942028985507	0.18095238095238095	121	121	38	50	38	80	60	49	24	21	0.8413865546218487	0.8413865546218487	0.8531598513011153	0.8333333333333334	0.8305084745762712	0.07160000000000011	0.07160000000000011	0.05650000000000022	0.0472999999999999	0.03749999999999987	2	0.8779449638043926	0.8358570202886659	0.8385461392572379	0.7034725231581844	0.713512770191246	78	58	47	22	19
zaloba-2_kusv.md--65f07795c6537d54ff05dd61	0.04615384615384615	0.125	0.125	0.14285714285714285	0.14285714285714285	15	15	3	3	3	26	16	16	7	7	0.8421052631578947	0.8421052631578947	0.8421052631578947	1	1	0.1896	0.1896	0.1896	0.12030000000000007	0.12030000000000007	1	0.8441057062440742	0.7327526392755558	0.7327526392755558	0.8	0.8	24	14	14	5	5
důchod-dorovnávací přídavek_1298-23_přepis.md--65f07795c6537d54ff05dd61	0.10676532769556026	0.15165165165165165	0.15165165165165165	0.17316017316017315	0.17316017316017315	101	101	40	40	40	44	37	37	22	22	0.6853252647503782	0.6853252647503782	0.6853252647503782	0.5965909090909091	0.5965909090909091	0.15870000000000006	0.15870000000000006	0.15870000000000006	0.06590000000000007	0.06590000000000007	2	0.8156117692114906	0.7787341230537889	0.7787341230537886	0.7517947892009744	0.7517947892009744	42	35	35	20	20
29 A 80-2021_20231122101241.md--6549578ac6537d54ff05c2d4	0.0537010159651669	0.09986504723346828	0.11491935483870967	0.14285714285714285	0.06666666666666667	74	74	1	3	1	53	39	32	7	6	0.4781491002570694	0.4781491002570694	0.3806818181818182	1	0	0.23370000000000002	0.23370000000000002	0.23370000000000002	0.02839999999999998	0.02839999999999998	1	0.8220926172842674	0.754776310310747	0.7472278324711403	0.8	1	51	37	30	5	4
MATTEL INC v.md--6549578ac6537d54ff05c2d4	0.050072568940493466	0.07293868921775898	0.07307692307692308	0.2	0.2	69	69	3	3	3	53	44	40	6	6	0.4174757281553398	0.4174757281553398	0.4393305439330544	1	1	0.1392	0.1392	0.13480000000000003	0.038000000000000034	0.038000000000000034	1	0.9161780937718546	0.8982162567229672	0.8875021784832794	0.7500000000000002	0.7500000000000002	51	42	38	4	4
Tucker vs Southwestern .md--6549578ac6537d54ff05c2d4	0.05665024630541872	0.07666666666666667	0.07666666666666667	0	0	23	23	0	0	0	29	25	25	7	7	0.5454545454545454	0.5454545454545454	0.5454545454545454	0	0	0.14979999999999993	0.14979999999999993	0.14979999999999993	0	0	0	0.9147762509345059	0.8999547293578982	0.8999547293578984	0	0	27	23	23	5	5
NSS_708487.txt--65ec336dc6537d54ff05dd0f	0.11695906432748537	0.30303030303030304	0.30303030303030304	0.16666666666666666	0.16666666666666666	20	20	1	1	1	19	12	12	4	4	0.7605633802816901	0.7605633802816901	0.7605633802816901	0	0	0.3127	0.3127	0.3127	0.12590000000000012	0.12590000000000012	1	0.7671354283828182	0.6041302282507912	0.6041302282507914	1	1.0000000000000002	17	10	10	2	2
scott vs harris.md--6549578ac6537d54ff05c2d4	0.04	0.09558823529411764	0.09558823529411764	0	0	13	13	0	0	0	26	17	17	3	3	0.7142857142857143	0.7142857142857143	0.7142857142857143	0	0	0.21029999999999993	0.21029999999999993	0.21029999999999993	0	0	0	0.9166666666666666	0.8666666666666667	0.8666666666666667	0	0	24	15	15	1	1
NSS_708496.txt--65ec336dc6537d54ff05dd0f	0.017825311942959002	0.03076923076923077	0.03076923076923077	0	0	10	10	0	0	0	34	26	26	10	10	1	1	1	0	0	0.1902999999999999	0.1902999999999999	0.1902999999999999	0	0	0	0.9665251917534283	0.9583333333333334	0.8656197727992669	0	0	32	24	24	8	8
NSS_708170.txt--65ec336dc6537d54ff05dd0f	0.03333333333333333	0.15555555555555556	0.15555555555555556	0	0	7	7	0	0	0	21	10	10	4	4	0.6	0.6	0.6	0	0	0.4502999999999999	0.4502999999999999	0.4502999999999999	0	0	0	0.8960070525249295	0.7530167497467077	0.7530167497467077	0	0	19	8	8	2	2
33 Cdo 30_2024.md--677e86e4c6537d54ff065092	0.039112050739957716	0.0659536541889483	0.07007575757575757	0.10909090909090909	0.10909090909090909	37	37	6	6	6	44	34	33	11	11	0.8114754098360656	0.8114754098360656	0.8114754098360656	1	1	0.26749999999999985	0.26749999999999985	0.26749999999999985	0.061900000000000066	0.061900000000000066	1	0.8845170261526996	0.8484285968254182	0.8435391967230125	0.7777777777777779	0.7777777777777778	42	32	31	9	9
22 cdo 2827_2018.md--677e86e4c6537d54ff065092	0.04926108374384237	0.07246376811594203	0.07142857142857142	0.01818181818181818	0.022222222222222223	20	20	1	1	1	29	24	21	11	10	0.6176470588235294	0.6176470588235294	0.5	0	0	0.43020000000000014	0.43020000000000014	0.43020000000000014	0.05269999999999997	0.05269999999999997	1	0.9259259259259257	0.9090909090909091	0.8592547078714514	1	1	27	22	19	9	8
23 cdo 2938_2020.md--677e86e4c6537d54ff065092	0.03716608594657375	0.06881720430107527	0.055172413793103454	0.05454545454545454	0.05454545454545454	32	32	3	3	3	42	31	30	11	11	0.5925925925925926	0.5925925925925926	0.7058823529411765	1	1	0.9717	0.9717	0.1367999999999998	0.033400000000000096	0.033400000000000096	1	0.907494324428097	0.8724059647284096	0.9254953500838753	0.8888888888888888	0.8888888888888888	40	29	28	9	9
Krajsky urad_rozhodnuti zmocneni.md--677e86e4c6537d54ff065092	0.15	0.4	0.4	1	1	18	18	3	3	3	16	10	10	3	3	0.8461538461538461	0.8461538461538461	0.8461538461538461	1	1	0.3921000000000001	0.3921000000000001	0.3921000000000001	0.30180000000000007	0.30180000000000007	1	0.6946487701689019	0.46563534779557836	0.46563534779557814	8.881784197001252e-16	4.440892098500626e-16	14	8	8	1	1
Pravni rada_najemne.md--677e86e4c6537d54ff065092	0.1323529411764706	0.23076923076923075	0.23076923076923075	0	0	18	18	0	0	0	17	13	13	3	3	0.375	0.375	0.375	0	0	0.4917	0.4917	0.4917	0	0	0	0.7203776612387032	0.6186968107800497	0.6186968107800497	0	0	15	11	11	1	1
8-A-149-2019-99-www-nssoud-cz.md--677e86e4c6537d54ff065092	0.04358974358974359	0.08374384236453201	0.08374384236453201	0.0606060606060606	0.0606060606060606	34	34	4	4	4	40	29	29	12	12	0.7232142857142857	0.7232142857142857	0.7232142857142857	1	1	0.5668	0.5668	0.5668	0.04039999999999999	0.04039999999999999	1	0.8798821958178887	0.8309453126325842	0.8309453126325842	0.9	0.9	38	27	27	10	10
25-C-205-2023-79-www-justice-cz.md--677e86e4c6537d54ff065092	0.07196969696969698	0.15019762845849802	0.15019762845849802	0.16666666666666666	0.16666666666666666	38	38	6	6	6	33	23	23	9	9	0.8297872340425532	0.8297872340425532	0.8297872340425532	1	1	0.21700000000000008	0.21700000000000008	0.21700000000000008	0.06420000000000003	0.06420000000000003	1	0.8097103391752788	0.7190962149730307	0.7190962149730308	0.7142857142857143	0.7142857142857144	31	21	21	7	7
NSS_645198.txt--6549578ac6537d54ff05c2d4	0.09846153846153846	0.2091503267973856	0.2091503267973856	0.3	0.3	32	32	3	3	3	26	18	18	5	5	0.72	0.72	0.72	1	1	0.23850000000000016	0.23850000000000016	0.23850000000000016	0.035700000000000065	0.035700000000000065	1	0.8218784492651926	0.7328176738977887	0.732817673897789	0.6666666666666666	0.6666666666666669	24	16	16	3	3
26 cdo 1984_2018.md--677e86e4c6537d54ff065092	0.022522522522522525	0.03694581280788178	0.03694581280788178	0.01515151515151515	0.01515151515151515	15	15	1	1	1	37	29	29	12	12	0.5555555555555556	0.5555555555555556	0.5555555555555556	0	0	0.3355999999999999	0.3355999999999999	0.3355999999999999	0.056599999999999984	0.056599999999999984	1	0.9350550610552095	0.915812116182679	0.915812116182679	1	1	35	27	27	10	10
29 nd 243_2018.md--677e86e4c6537d54ff065092	0.2545454545454545	0.9333333333333333	0.9333333333333333	1	1	14	14	3	3	3	11	6	6	3	3	0.9230769230769231	0.9230769230769231	0.9230769230769231	1	1	0.8131999999999999	0.8131999999999999	0.8131999999999999	0.21500000000000008	0.21500000000000008	1	0.5887153201426194	0.07460947032089393	0.07460947032089393	4.440892098500626e-16	8.881784197001252e-16	9	4	4	1	1
27 cdo 2805_2021.md--677e86e4c6537d54ff065092	0.05306122448979592	0.12310606060606061	0.12310606060606061	0.2727272727272727	0.2727272727272727	65	65	15	15	15	50	33	33	11	11	0.834841628959276	0.834841628959276	0.834841628959276	1	1	0.24360000000000004	0.24360000000000004	0.24360000000000004	0.07010000000000005	0.07010000000000005	1	0.8286076272516288	0.7346182615509089	0.7346182615509093	0.5555555555555556	0.5555555555555556	48	31	31	9	9
27 cdo 544_2023.md--677e86e4c6537d54ff065092	0.03453453453453453	0.09956709956709957	0.09956709956709957	0.047619047619047616	0.047619047619047616	23	23	1	1	1	37	22	22	7	7	0.75	0.75	0.75	0	0	0.4628000000000001	0.4628000000000001	0.4628000000000001	0.029400000000000093	0.029400000000000093	1	0.9225585039741121	0.8644773819546963	0.8644773819546963	1	1	35	20	20	5	5
27 cdo 935_2022.md--677e86e4c6537d54ff065092	0.03025210084033613	0.1323529411764706	0.1323529411764706	0.2	0.2	18	18	2	2	2	35	17	17	5	5	0.9230769230769231	0.9230769230769231	0.9230769230769231	0	0	0.3961999999999999	0.3961999999999999	0.3961999999999999	0.06289999999999996	0.06289999999999996	1	0.9198257178465276	0.8236165792623606	0.8236165792623604	1.0000000000000002	1	33	15	15	3	3
29 icdo 118_2020.md--677e86e4c6537d54ff065092	0.018893387314439947	0.06060606060606061	0.04093567251461988	0	0	14	14	0	0	0	39	22	19	5	3	0.6666666666666666	0.6666666666666666	0.6	0	0	0.13880000000000003	0.13880000000000003	0.13880000000000003	0	0	0	0.9577958699240857	0.9219223593595585	0.931171383139645	0	0	37	20	17	3	1
NSS_645280.txt--6549578ac6537d54ff05c2d4	0.03010752688172043	0.06060606060606061	0.06060606060606061	0.03571428571428571	0.03571428571428571	14	14	1	1	1	31	22	22	8	8	0.9130434782608695	0.9130434782608695	0.9130434782608695	0	0	0.21019999999999994	0.21019999999999994	0.21019999999999994	0.024599999999999955	0.024599999999999955	1	0.9310344827586204	0.9	0.9	1	1	29	20	20	6	6
NSS_645661.txt--6549578ac6537d54ff05c2d4	0.0623885918003565	0.09971509971509972	0.09971509971509972	0.14285714285714285	0.14285714285714285	35	35	3	3	3	34	27	27	7	7	0.6867469879518072	0.6867469879518072	0.6867469879518072	1	1	0.22320000000000007	0.22320000000000007	0.22320000000000007	0.03299999999999992	0.03299999999999992	1	0.8369690448116156	0.791320377358868	0.7913203773588678	0.8000000000000002	0.8	32	25	25	5	5
NSS_674583.txt--6549578ac6537d54ff05c2d4	0.016939890710382512	0.0274822695035461	0.024976873265494914	0.05454545454545454	0.022222222222222223	31	31	1	3	1	61	48	47	11	10	0.5862068965517241	0.5862068965517241	0.4782608695652174	1	0	0.12749999999999995	0.12749999999999995	0.12749999999999995	0.0250999999999999	0.022499999999999964	1	0.9491525423728814	0.9347826086956522	0.9333333333333333	0.8888888888888888	1	59	46	45	9	8
30 cdo 1339_2022.md--677e86e4c6537d54ff065092	0.03484320557491289	0.06451612903225806	0.06436781609195402	0.027777777777777776	0.027777777777777776	30	30	1	1	1	42	31	30	9	9	0.48148148148148145	0.48148148148148145	0.4864864864864865	0	0	0.4148999999999998	0.4148999999999998	0.4148999999999998	0.006899999999999906	0.006899999999999906	1	0.8812070777395	0.8361476934337935	0.8380080504871531	1	1	40	29	28	7	7
32-A-6-2021-28-www-nssoud-cz.md--677e86e4c6537d54ff065092	0.03968253968253968	0.11904761904761904	0.11904761904761904	0.19444444444444445	0.19444444444444445	25	25	7	7	7	36	21	21	9	9	0.9375	0.9375	0.9375	1	1	0.22920000000000007	0.22920000000000007	0.22920000000000007	0.052200000000000024	0.052200000000000024	1	0.8813517107116621	0.7876820086419213	0.7876820086419215	0.7142857142857143	0.7142857142857143	34	19	19	7	7
33 Cdo 1756_2023.md--677e86e4c6537d54ff065092	0.015151515151515152	0.03809523809523809	0.03809523809523809	0	0	8	8	0	0	0	33	21	21	8	8	0.6	0.6	0.6	0	0	0.12609999999999988	0.12609999999999988	0.12609999999999988	0	0	0	0.94962732861907	0.91781300985216685	0.91781300985216685	0	0	31	19	19	6	6
33 Cdo 3794_2023.md--677e86e4c6537d54ff065092	0.06403940886699508	0.16993464052287582	0.16993464052287582	0.19047619047619047	0.19047619047619047	26	26	4	4	4	29	18	18	7	7	0.6990291262135923	0.6990291262135923	0.6990291262135923	1	1	0.21420000000000017	0.21420000000000017	0.21420000000000017	0.09559999999999991	0.09559999999999991	1	0.8037467008687661	0.6688225577160429	0.6688225577160429	0.8000000000000002	0.8	27	16	16	5	5
33 cdo 1141_2017.md--677e86e4c6537d54ff065092	0.039886039886039885	0.13333333333333333	0.13186813186813187	0.06666666666666667	0.06666666666666667	14	14	1	1	1	27	15	14	6	6	0.9130434782608695	0.9130434782608695	1	0	0	0.49229999999999996	0.49229999999999996	0.49229999999999996	0.10670000000000002	0.10670000000000002	1	0.92	0.8461538461538461	0.8333333333333335	1	1	25	13	12	4	4
35-C-296-2023-68-www-justice-cz.md--677e86e4c6537d54ff065092	0.10671936758893281	0.19852941176470587	0.19852941176470587	0.10714285714285714	0.10714285714285714	27	27	3	3	3	23	17	17	8	8	0.75	0.75	0.75	0	0	0.4942000000000002	0.4942000000000002	0.4942000000000002	0.08200000000000007	0.08200000000000007	1	0.7589993982799778	0.6625991575919691	0.6625991575919689	1	0.33334795799500494	21	15	15	6	6
36-C-315-2022-28-www-justice-cz.md--677e86e4c6537d54ff065092	0.10909090909090909	0.6	0.6	0	0	6	6	0	0	0	11	5	5	2	2	0.6	0.6	0.6	0	0	0.6890999999999998	0.6890999999999998	0.6890999999999998	0	0	0	0.8264941319101299	0.47948239573038975	0.47948239573039003	NA	NA	9	3	3	0	0
7 Tdo 607_2023.md--677e86e4c6537d54ff065092	0.0248015873015873	0.05807200929152149	0.056097560975609764	0.03809523809523809	0.03809523809523809	50	50	4	4	4	64	42	41	15	15	0.813953488372093	0.813953488372093	0.8446601941747572	1	1	0.2793000000000001	0.2793000000000001	0.2793000000000001	0.05289999999999995	0.05289999999999995	1	0.9310497222962036	0.8931270695591156	0.905088150802143	0.9230769230769231	0.9230769230769231	62	40	39	13	13
7-Co-1752-2016-Vyber-judikatury.md--677e86e4c6537d54ff065092	0.08571428571428572	0.32142857142857145	0.32142857142857145	0	0	9	9	0	0	0	15	8	8	4	4	0.42857142857142855	0.42857142857142855	0.42857142857142855	0	0	0.6299000000000001	0.6299000000000001	0.6299000000000001	0	0	0	0.8461538461538461	0.6666666666666669	0.6666666666666666	0	0	13	6	6	2	2
8 tz 60_2022.md--677e86e4c6537d54ff065092	0.05405405405405406	0.09359605911330049	0.09359605911330049	0.025641025641025644	0.025641025641025644	38	38	2	2	2	38	29	29	13	13	0.6509433962264151	0.6509433962264151	0.6509433962264151	0	0	0.6841000000000002	0.6841000000000002	0.6841000000000002	0.07679999999999998	0.07679999999999998	1	0.8348430849616153	0.7797907799488205	0.7797907799488206	0.8233502785576667	0.8606375151254265	36	27	27	11	11
VTK_1As278-2024.md--677e86e4c6537d54ff065092	0.08870967741935484	0.20952380952380953	0.20952380952380953	0.16666666666666666	0.16666666666666666	44	44	6	6	6	32	21	21	9	9	0.6180257510729614	0.6180257510729614	0.6180257510729614	1	1	0.18530000000000002	0.18530000000000002	0.18530000000000002	0.03820000000000001	0.03820000000000001	1	0.7538110769241207	0.6112806477749274	0.6112806477749274	0.7142857142857144	0.7142857142857144	30	19	19	7	7
VTK_1As153-2023.md--677e86e4c6537d54ff065092	0.06628787878787878	0.15151515151515152	0.15151515151515152	0.3333333333333333	0.3333333333333333	35	35	7	7	7	33	22	22	7	7	0.8486842105263158	0.8486842105263158	0.8486842105263158	1	1	0.2587999999999999	0.2587999999999999	0.2587999999999999	0.06380000000000008	0.06380000000000008	1	0.8470433101040663	0.762917130661303	0.762917130661303	0.6000000000000002	0.6000000000000002	31	20	20	5	5
VTK_10Azs459-2021.md--677e86e4c6537d54ff065092	0.14102564102564102	0.5238095238095238	0.5238095238095238	0.3333333333333333	0.3333333333333333	11	11	1	1	1	13	7	7	3	3	0.6923076923076923	0.6923076923076923	0.6923076923076923	0	0	0.8220000000000001	0.8220000000000001	0.8220000000000001	0.15159999999999996	0.15159999999999996	1	0.7551676778007458	0.46136889116164126	0.46136889116164104	1.0000000000000002	1.0000000000000002	11	5	5	1	1
VTK_10Azs108-201521.md--677e86e4c6537d54ff065092	0.11695906432748537	0.7142857142857143	0.7142857142857143	1	1	20	20	6	6	6	19	8	8	4	4	0.9473684210526315	0.9473684210526315	0.9473684210526315	1	1	0.23110000000000008	0.23110000000000008	0.23110000000000008	0.14149999999999996	0.14149999999999996	1	0.7210789772485918	0.20972376887100985	0.20972376887100985	0	4.440892098500626e-16	17	6	6	2	2
VTK_10As1-2020.md--677e86e4c6537d54ff065092	0.10909090909090909	1	1	1	1	6	6	1	1	1	11	4	4	2	2	1	1	1	0	0	0.6591	0.6591	0.6591	0.403	0.403	1	0.7777777777777778	0	0	NA	NA	9	2	2	0	0
Justice.cz___11_C_339_2024-31.md--677e86e4c6537d54ff065092	0.0661764705882353	0.25	0.25	0.3333333333333333	0.3333333333333333	9	9	1	1	1	17	9	9	3	3	1	1	1	0	0	0.32000000000000006	0.32000000000000006	0.32000000000000006	0.17809999999999993	0.17809999999999993	1	0.8666666666666668	0.7142857142857144	0.7142857142857143	1.0000000000000002	1.0000000000000004	15	7	7	1	1
Justice.cz___50_C_6_2020-37.md--677e86e4c6537d54ff065092	0.08571428571428572	0.32142857142857145	0.32142857142857145	0.3333333333333333	0.3333333333333333	9	9	1	1	1	15	8	8	3	3	1	1	1	0	0	0.43609999999999993	0.43609999999999993	0.43609999999999993	0.2044999999999999	0.2044999999999999	1	0.8461538461538461	0.6666666666666666	0.6666666666666664	1.0000000000000002	1.0000000000000002	13	6	6	1	1
Krajsky urad_usneseni necinnost.md--677e86e4c6537d54ff065092	0.20833333333333334	0.4545454545454546	0.4545454545454546	1	1	25	25	6	6	6	16	11	11	4	4	0.8888888888888888	0.8888888888888888	0.8888888888888888	1	1	0.26449999999999996	0.26449999999999996	0.26449999999999996	0.26449999999999996	0.26449999999999996	1	0.6172215040328092	0.40456678405103624	0.4045667840510363	0	0	14	9	9	2	2
Obecni urad_rozhodnuti zadost dle 106pdf.md--677e86e4c6537d54ff065092	0.045454545454545456	0.14285714285714285	0.14285714285714285	0	0	3	3	0	0	0	12	7	7	3	3	1	1	1	0	0	0.3892	0.3892	0.3892	0	0	0	0.9	0.8000000000000002	0.8	0	0	10	5	5	1	1
Odbor zivotniho prostredi_rozhodnuti.md--677e86e4c6537d54ff065092	0.13333333333333333	0.6	0.6	1	1	6	6	1	1	1	10	5	5	2	2	1	1	1	0	0	0.3942000000000001	0.3942000000000001	0.3942000000000001	0.2641	0.2641	1	0.75	0.33333333333333365	0.33333333333333365	NA	NA	8	3	3	0	0
Pravni rada_kanalizace.md--677e86e4c6537d54ff065092	0.14166666666666666	0.21794871794871795	0.21794871794871795	0.16666666666666666	0.16666666666666666	17	17	1	1	1	16	13	13	4	4	0.8571428571428571	0.8571428571428571	0.8571428571428571	0	0	0.34010000000000007	0.34010000000000007	0.34010000000000007	0.05679999999999996	0.05679999999999996	1	0.8110177634953865	0.7594771535395828	0.7594771535395826	1	1	14	11	11	2	2
Pravni rada_kompenzacni bonus.md--677e86e4c6537d54ff065092	0.08333333333333333	0.5	0.5	NA	NA	3	3	0	0	0	9	4	4	1	1	1	1	1	0	0	0.36560000000000015	0.36560000000000015	0.36560000000000015	0	0	0	0.8571428571428573	0.5000000000000004	0.5	NA	NA	7	2	2	0	0
Pravni rada_oddluzeni.md--677e86e4c6537d54ff065092	0.08333333333333333	1	1	NA	NA	3	3	0	0	0	9	3	3	1	1	1	1	1	0	0	0.7801	0.7801	0.7801	0	0	0	0.8571428571428571	0	8.881784197001252e-16	NA	NA	7	1	1	0	0
Pravni rada_uver SVJ.md--677e86e4c6537d54ff065092	0.09803921568627451	0.3333333333333333	0.4166666666666667	0.3333333333333333	0.3333333333333333	15	15	2	2	2	18	10	9	4	4	0.9166666666666666	0.9166666666666666	0.9166666666666666	0	0	0.3395999999999999	0.3395999999999999	0.3395999999999999	0.0746	0.0746	1	0.8346405430584629	0.6692810861169263	0.6220355269907721	1.0000000000000002	2.9478447595376878e-5	16	8	7	2	2
Pravni rada_zadost nemocnici.md--677e86e4c6537d54ff065092	0.21818181818181817	0.8	0.8	1	1	12	12	1	1	1	11	6	6	2	2	0.7692307692307693	0.7692307692307693	0.7692307692307693	0	0	0.7174	0.7174	0.7174	0.09309999999999996	0.09309999999999996	1	0.6486358155368469	0.20943058495790523	0.20943058495790523	NA	NA	9	4	4	0	0
Urad mestske casti_enviro stanovisko.md--677e86e4c6537d54ff065092	0.03162055335968379	0.1212121212121212	0.1212121212121212	0	0	8	8	0	0	0	23	12	12	4	4	0.8181818181818182	0.8181818181818182	0.8181818181818182	0	0	0.09980000000000011	0.09980000000000011	0.09980000000000011	0	0	0	0.9256403422471985	0.8438447187191169	0.8438447187191171	0	0	21	10	10	2	2
Urad mestske casti_rozhodnuti trvaly pobyt.md--677e86e4c6537d54ff065092	0.13636363636363635	0.6	0.6	1	1	9	9	1	1	1	12	6	6	2	2	0.875	0.875	0.875	0	0	0.3126	0.3126	0.3126	0.1694	0.1694	1	0.735424868893541	0.3385621722338523	0.33856217223385254	NA	NA	10	4	4	0	0
NSS_645239.txt--6549578ac6537d54ff05c2d4	0.024423337856173677	0.03918722786647315	0.03918722786647315	0.06666666666666667	0.06666666666666667	54	54	1	1	1	67	53	53	6	6	0.2682926829268293	0.2682926829268293	0.2682926829268293	0	0	0.11080000000000001	0.11080000000000001	0.11080000000000001	0.008299999999999974	0.008299999999999974	1	0.9203244869876881	0.8984527775333279	0.898452777533328	1	1	65	51	51	4	4
NSS_645279.txt--6549578ac6537d54ff05c2d4	0.06401137980085347	0.13846153846153847	0.13846153846153847	1	1	45	45	6	6	6	38	26	26	4	4	0.6956521739130435	0.6956521739130435	0.6956521739130435	1	1	0.1915	0.1915	0.1915	0.013400000000000079	0.013400000000000079	1	0.7987500556000444	0.6981250834000668	0.6981250834000666	4.440892098500626e-16	4.440892098500626e-16	36	24	24	2	2
Mestsky_urad_Rozhodnuti_o_odneti_trvaleho_pobytu_PO.md--65ec336dc6537d54ff05dd0f	0.06410256410256411	0.2380952380952381	0.2380952380952381	0	0	5	5	0	0	0	13	7	7	2	2	0.75	0.75	0.75	0	0	0.32620000000000005	0.32620000000000005	0.32620000000000005	0	0	0	0.8580406533810154	0.6876894374382339	0.6876894374382341	NA	NA	11	5	5	0	0
Mestsky_urad_Rozhodnuti_o_odneti_trvaleho_pobytu_PRED.md--65ec336dc6537d54ff05dd0f	0.038461538461538464	0.14285714285714285	0.3	0	0	3	3	0	0	0	13	7	5	3	2	1	1	1	0	0	0.2835000000000001	0.2835000000000001	0.2835000000000001	0	0	0	0.9090909090909091	0.8	0.6666666666666669	0	NA	11	5	3	1	0
Mestsky_urad_Souhlas_s_prestupkovym_rizenim.md--65ec336dc6537d54ff05dd0f	0.047619047619047616	0.33333333333333337	1	0	NA	5	5	0	0	0	15	6	2	2	1	0.75	0.75	0	0	0	0.17680000000000007	0.17680000000000007	0.06889999999999996	0	0	0	0.8798805528608593	0.6096117967977923	NA	NA	NA	13	4	0	0	0
Mestsky_urad_Vyhlaseni_zameru_vypujcky_casti_pozemku_anonym_rev.md--65ec336dc6537d54ff05dd0f	0.11029411764705882	0.22727272727272727	0.22727272727272727	0.3333333333333333	0.3333333333333333	15	15	1	1	1	17	12	12	3	3	0.6842105263157895	0.6842105263157895	0.6842105263157895	0	0	0.26580000000000004	0.26580000000000004	0.26580000000000004	0.05410000000000004	0.05410000000000004	1	0.7596299149690675	0.6394448724536009	0.6394448724536012	1.0000000000000002	1.0000000000000002	15	10	10	1	1
Mestsky_urad_Vyhlaseni_zameru_vypujcky_casti_pozemku_anonym.md--65ec336dc6537d54ff05dd0f	0.04575163398692811	0.07692307692307693	0	0	0	7	7	0	0	0	18	14	7	3	2	0.6	0.6	0	0	0	0.1612	0.1612	0	0	0	0	0.875	0.8333333333333334	0	0	NA	16	12	5	1	0
Mestsky_urad_Zruseni_TP_2_puvodni.md--65ec336dc6537d54ff05dd0f	0.038461538461538464	0.2	0.3	0	0	3	3	0	0	0	13	6	5	2	2	1	1	1	0	0	0.3656999999999999	0.3656999999999999	0.3656999999999999	0	0	0	0.9090909090909091	0.75	0.666666666666667	NA	NA	11	4	3	0	0
Mestsky_urad_komunalni_poplatek_platebni_vymer_po.md--65ec336dc6537d54ff05dd0f	0.10714285714285714	0.5	0.5	0	0	3	3	0	0	0	8	4	4	2	2	1	1	1	0	0	0.18710000000000004	0.18710000000000004	0.18710000000000004	0	0	0	0.8333333333333334	0.5000000000000004	0.5	NA	NA	6	2	2	0	0
Mestsky_urad_komunalni_poplatek_platebni_vymer_pred.md--65ec336dc6537d54ff05dd0f	0.1111111111111111	0.5	0.5	0	0	5	5	0	0	0	10	5	5	2	2	0.75	0.75	0.75	0	0	0.21829999999999994	0.21829999999999994	0.21829999999999994	0	0	0	0.8048058983988964	0.4794823957303902	0.47948239573038975	NA	NA	8	3	3	0	0
Mestsky_urad_kontrola_po.md--65ec336dc6537d54ff05dd0f	0.05128205128205129	0.19047619047619047	0.19047619047619047	NA	NA	4	4	0	0	0	13	7	7	1	1	0.6	0.6	0.6	0	0	0.3509000000000002	0.3509000000000002	0.3509000000000002	0	0	0	0.8936285012158152	0.7659827026747932	0.7659827026747933	NA	NA	11	5	5	0	0
Mestsky_urad_kontrola_pred.md--65ec336dc6537d54ff05dd0f	0.06666666666666667	0.2	0.3	NA	NA	3	3	0	0	0	10	6	5	1	1	1	1	1	0	0	0.1524000000000001	0.1524000000000001	0.1524000000000001	0	0	0	0.875	0.75	0.6666666666666669	NA	NA	8	4	3	0	0
Mestsky_urad_vyzva_prestupek_po.md--65ec336dc6537d54ff05dd0f	0.07575757575757576	0.8333333333333334	0.8333333333333334	NA	NA	5	5	0	0	0	12	4	4	1	1	0.75	0.75	0.75	0	0	0.42189999999999994	0.42189999999999994	0.42189999999999994	0	0	0	0.8438447187191169	0.21922359359558463	0.21922359359558508	NA	NA	10	2	2	0	0
Mestsky_urad_vyzva_prestupek_pred.md--65ec336dc6537d54ff05dd0f	0.07575757575757576	0.5	0.5	NA	NA	5	5	0	0	0	12	5	5	1	1	0.75	0.75	0.75	0	0	0.4085000000000001	0.4085000000000001	0.4085000000000001	0	0	0	0.8438447187191169	0.47948239573039003	0.47948239573039036	NA	NA	10	3	3	0	0
srazky_z_duchodu_puvodni.md--65ec336dc6537d54ff05dd0f	0.047058823529411764	0.07407407407407407	0.07977207977207977	0.26666666666666666	0.26666666666666666	28	28	4	4	4	35	28	27	6	6	0.7037037037037037	0.7037037037037037	0.7037037037037037	0.6	0.6	0.10179999999999989	0.10179999999999989	0.10179999999999989	0.0593999999999999	0.0593999999999999	2	0.8954030083984325	0.8672422798903181	0.8619319710859308	0.7074783783434915	0.7074783783434917	33	26	25	4	4
sluzebni_hodnoceni_puvodni.md--65f07795c6537d54ff05dd61	0.13825757575757575	0.2885375494071146	0.37142857142857144	0.4642857142857143	0.8	73	73	8	13	8	33	23	15	8	5	0.7833333333333333	0.7833333333333333	0.8314606741573034	0.8181818181818182	0.6666666666666666	0.22910000000000008	0.22910000000000008	0.22910000000000008	0.029199999999999893	0.029199999999999893	2	0.6859222381057494	0.5363613991084873	0.47412903358484076	0.43795311278849763	0.25464400750007005	31	21	13	6	3
sluzebni_hodnoceni_prepis.md--65f07795c6537d54ff05dd61	0.1045751633986928	0.2909090909090909	0.2909090909090909	1	1	16	16	6	6	6	18	11	11	4	4	0.9230769230769231	0.9230769230769231	0.9230769230769231	1	1	0.18310000000000004	0.18310000000000004	0.18310000000000004	0.09949999999999992	0.09949999999999992	1	0.7478723852622817	0.5517731293551675	0.5517731293551678	4.440892098500626e-16	0	16	9	9	2	2
srazky_z_duchodu_puvodni.md--65f07795c6537d54ff05dd61	0.004830917874396135	0.008403361344537815	0.09090909090909091	0	0	5	5	0	0	0	46	35	11	5	4	0.75	0.75	0.75	0	0	0.09899999999999998	0.09899999999999998	0.09899999999999998	0	0	0	0.964510163345254	0.952680217793672	0.8264941319101299	0	0	44	33	9	3	2
srazky_z_duchodu_prepis.md--65f07795c6537d54ff05dd61	0.13636363636363635	0.32142857142857145	0.32142857142857145	1	1	9	9	1	1	1	12	8	8	2	2	0.875	0.875	0.875	0	0	0.28400000000000003	0.28400000000000003	0.28400000000000003	0.11729999999999996	0.11729999999999996	1	0.735424868893541	0.5590414481559017	0.5590414481559015	NA	NA	10	6	6	0	0
14_2024_Dopis_protistrane_puv.md--65ec336dc6537d54ff05dd0f	0.21818181818181817	0.5714285714285714	0.5	1	NA	12	12	0	1	0	11	7	5	2	1	0.7692307692307693	0.7692307692307693	0.75	0	0	0.3336999999999999	0.3336999999999999	0.3336999999999999	0.06889999999999996	0	0	0.6486358155368467	0.3675444679663242	0.47948239573039003	NA	NA	9	5	3	0	0
14_2024_Dopis_protistrane_rev.md--65ec336dc6537d54ff05dd0f	0.1111111111111111	0.5	0.5	NA	NA	5	5	0	0	0	10	5	5	1	1	0.75	0.75	0.75	0	0	0.3763000000000001	0.3763000000000001	0.3763000000000001	0	0	0	0.8048058983988963	0.47948239573038975	0.47948239573039003	NA	NA	8	3	3	0	0
AK_JH_Ustavni_stiznost_predbezko_deti.md--65ec336dc6537d54ff05dd0f	0.015873015873015872	0.03333333333333333	0.03333333333333333	0.1	0.1	10	10	1	1	1	36	25	25	5	5	0.75	0.75	0.75	0	0	0.23209999999999997	0.23209999999999997	0.23209999999999997	0.036799999999999944	0.036799999999999944	1	0.9540719760938581	0.9321063994430941	0.9321063994430944	1	1	34	23	23	3	3
AK_JH_Hroch_ustavni_stiznost.md--65ec336dc6537d54ff05dd0f	0.023211567732115676	0.03123399897593446	0.03123399897593446	0.04678362573099415	0.04678362573099415	61	61	8	8	8	73	63	63	19	19	0.7702702702702703	0.7702702702702703	0.7702702702702703	1	1	0.09309999999999996	0.09309999999999996	0.09309999999999996	0.022599999999999953	0.022599999999999953	1	0.9265212596334043	0.9144755644913393	0.9144755644913392	0.8056510697967684	0.7870189501072233	71	61	61	17	17
AK_JH_Podani_US_podpis.md--65ec336dc6537d54ff05dd0f	0.03409090909090909	0.04761904761904762	0.04761904761904762	0	0	18	18	0	0	0	33	28	28	12	12	0.8571428571428571	0.8571428571428571	0.8571428571428571	0	0	0.2261000000000002	0.2261000000000002	0.2261000000000002	0	0	0	0.9622552746249666	0.9549966735913056	0.9549966735913059	0	0	31	26	26	10	10
KVOP_Odebrani_deti_REV.md--65ec336dc6537d54ff05dd0f	0.05851063829787234	0.0846153846153846	0.0846153846153846	0.09090909090909091	0.09090909090909091	66	66	6	6	6	48	40	40	12	12	0.7154811715481172	0.7154811715481172	0.7154811715481172	1	1	0.10519999999999996	0.10519999999999996	0.10519999999999996	0.056400000000000006	0.056400000000000006	1	0.8904852299587367	0.8674294888974179	0.8674294888974181	0.9000000000000001	0.9	46	38	38	10	10
MatFyz_12_text_sachy.md--65ec336dc6537d54ff05dd0f	0.14285714285714285	1	1	NA	NA	3	3	0	0	0	7	3	3	1	1	1	1	1	0	0	0.7036	0.7036	0.7036	0	0	0	0.8	4.440892098500626e-16	4.440892098500626e-16	NA	NA	5	1	1	0	0
Navrh_Knodlova_opatrovnik_bez.md--65ec336dc6537d54ff05dd0f	0.2095238095238095	0.48888888888888893	0.48888888888888893	0.16666666666666666	0.16666666666666666	22	22	1	1	1	15	10	10	4	4	0.5060240963855421	0.5060240963855421	0.5060240963855421	0	0	0.7173	0.7173	0.7173	0.056599999999999984	0.056599999999999984	1	0.5887441408271511	0.33170922884412024	0.33170922884412024	1	1	13	8	8	2	2
Skvarkova_doplneni_odvolani.md--65ec336dc6537d54ff05dd0f	0.12666666666666668	0.15019762845849802	0.15019762845849802	0.2777777777777778	0.2777777777777778	38	38	10	10	10	25	23	23	9	9	0.803921568627451	0.803921568627451	0.803921568627451	1	1	0.32000000000000006	0.32000000000000006	0.32000000000000006	0.11519999999999997	0.11519999999999997	1	0.7605581923497473	0.7377542106687709	0.7377542106687708	0.5714285714285715	0.5714285714285714	23	21	21	7	7
Mestsky_urad_usneseni_-_slouceni_po.md--65ec336dc6537d54ff05dd0f	0.11538461538461538	0.4285714285714286	0.9	0.3333333333333333	1	9	9	1	1	1	13	7	5	3	2	0.875	0.875	0.875	0	0	0.3347	0.3347	0.3347	0.25760000000000005	0.25760000000000005	1	0.7594771535395828	0.47084973778708206	0.1180828963118034	1	NA	11	5	3	1	0
Mestsky_urad_PK-pouceni-dohoda_o_narovnani.md--65ec336dc6537d54ff05dd0f	0.1111111111111111	0.4	0.4	NA	NA	4	4	0	0	0	9	5	5	1	1	0.6	0.6	0.6	0	0	0.5594999999999999	0.5594999999999999	0.5594999999999999	0	0	0	0.8328447876248524	0.6099711711246553	0.6099711711246556	NA	NA	7	3	3	0	0
PR_Bitova__Nachtegalova.md--65e9fa3ac6537d54ff05dc29	0.02980769230769231	0.11051693404634581	0.11051693404634581	0.21818181818181817	0.21818181818181817	62	62	12	12	12	65	34	34	11	11	0.8215384615384616	0.8215384615384616	0.8215384615384616	1	1	0.11119999999999997	0.11119999999999997	0.11119999999999997	0.04190000000000005	0.04190000000000005	1	0.9075615175680177	0.818011737712035	0.8180117377120345	0.7777777777777778	0.6309982267684181	63	32	32	9	9
PR_Konecny__Miliak.md--65e9fa3ac6537d54ff05dc29	0.0475609756097561	0.08387096774193549	0.07586206896551725	0.16666666666666666	0.16666666666666666	39	39	6	6	6	41	31	30	9	9	0.7862068965517242	0.7862068965517242	0.7346938775510204	1	1	0.21940000000000004	0.21940000000000004	0.19530000000000003	0.07990000000000008	0.07990000000000008	1	0.8655618884156749	0.8192039189038386	0.84516087534509865	0.7142857142857144	0.7142857142857144	39	29	28	7	7
PR_Masinova.md--65e9fa3ac6537d54ff05dc29	0.0677361853832442	0.1645021645021645	0.1645021645021645	0.6	0.6	38	38	6	6	6	34	22	22	5	5	0.5423728813559322	0.5423728813559322	0.5423728813559322	0.6	0.6	0.2579	0.2579	0.2579	0.07580000000000009	0.07580000000000009	2	0.816787382974157	0.7068598127586514	0.7068598127586516	0.47948239573038975	0.4794823957303902	32	20	20	3	3
Mestsky_urad_Nesoucinnost-U_sroz.md--65ec336dc6537d54ff05dd0f	0.12087912087912088	0.39285714285714285	0.39285714285714285	0	0	11	11	0	0	0	14	8	8	2	2	0.5806451612903226	0.5806451612903226	0.5806451612903226	0	0	0.28679999999999994	0.28679999999999994	0.28679999999999994	0	0	0	0.7694637096789411	0.5389274193578825	0.5389274193578824	NA	NA	12	6	6	0	0
Mestsky_urad_PRIKAZ.md--65ec336dc6537d54ff05dd0f	0.06	0.10526315789473684	0.10526315789473684	0.03571428571428571	0.03571428571428571	18	18	1	1	1	25	19	19	8	8	0.75	0.75	0.75	0	0	0.2871999999999999	0.2871999999999999	0.2871999999999999	0.013600000000000056	0.013600000000000056	1	0.8989824227788488	0.8633291602302071	0.8633291602302072	1	1	23	17	17	6	6
Mestsky_urad_PRIKAZ_REV2.md--65ec336dc6537d54ff05dd0f	0.0730837789661319	0.13666666666666666	0.13666666666666666	0.1111111111111111	0.1111111111111111	41	41	4	4	4	34	25	25	9	9	0.5886075949367089	0.5886075949367089	0.5886075949367089	0	0	0.26059999999999994	0.26059999999999994	0.26059999999999994	0.027899999999999814	0.027899999999999814	2	0.8621786467970192	0.8082485520654178	0.808248552065418	0.895421313204446	0.8954213132044462	32	23	23	7	7
Mestsky_urad_prezkoumani_zdravotni_zpusobilosti_sroz.md--65ec336dc6537d54ff05dd0f	0.09523809523809523	0.4761904761904762	0.4761904761904762	NA	NA	10	10	0	0	0	15	7	7	1	1	0.46153846153846156	0.46153846153846156	0.46153846153846156	0	0	0.2993000000000001	0.2993000000000001	0.2993000000000001	0	0	0	0.8229968288639739	0.5397917550463326	0.5397917550463323	NA	NA	13	5	5	0	0
Mestsky_urad_Usneseni_narizeni_podrobit_se_prezkoumani_zdravotni_zpusobilosti.md--65ec336dc6537d54ff05dd0f	0.10989010989010989	0.4761904761904762	0.3	NA	NA	10	10	0	0	0	14	7	5	1	0	0.48	0.48	0	0	0	0.3369	0.3369	0.1711999999999998	0	NA	NA	0.8136610018750176	0.552786404500042	0.8619288125423017	NA	NA	12	5	3	0	NA
0006_0Vol_2200011_20221208094205.md--65ec336dc6537d54ff05dd0f	0.2727272727272727	0.6428571428571429	0.6428571428571429	1	1	18	18	1	1	1	12	8	8	2	2	0.6891891891891891	0.6891891891891891	0.6891891891891891	0	0	0.6685000000000001	0.6685000000000001	0.6685000000000001	0.21700000000000008	0.21700000000000008	1	0.6001401861663445	0.33356697694390736	0.33356697694390736	NA	NA	10	6	6	0	0
0010_0Vol_2200020_20221207153332.md--65ec336dc6537d54ff05dd0f	0.08108108108108109	0.1330049261083744	0.1330049261083744	0.13186813186813187	0.13186813186813187	54	54	12	12	12	37	29	29	14	14	0.7149532710280374	0.7149532710280374	0.7149532710280374	0.5	0.5	0.2722	0.2722	0.2722	0.11509999999999998	0.11509999999999998	2	0.8724542395674927	0.834662903143046	0.834662903143046	0.873821922555392	0.8738219225553925	35	27	27	12	12
0217_6Afs_2000035_20210219141328__1_.md--65ec336dc6537d54ff05dd0f	0.01809954751131222	0.032388663967611336	0.032388663967611336	0.012820512820512822	0.012820512820512822	24	24	1	1	1	52	39	39	13	13	0.8709677419354839	0.8709677419354839	0.8709677419354839	0	0	0.10060000000000002	0.10060000000000002	0.10060000000000002	0.057700000000000085	0.057700000000000085	1	0.96	0.9459459459459457	0.9459459459459459	1	1	50	37	37	11	11
1B_dokument_prepsany_ustanoven_zastupce_vyzva_k_doplneni_kast_pouceni.md--65ec336dc6537d54ff05dd0f	0.019047619047619046	0.07272727272727272	0.07272727272727272	0	0	4	4	0	0	0	21	11	11	3	3	1	1	1	0	0	0.1059000000000001	0.1059000000000001	0.1059000000000001	0	0	0	0.9473684210526315	0.8888888888888888	0.8888888888888888	0	0	19	9	9	1	1
1A_dokument_puvodni_ustanoven_zastupce_vyzva_k_doplneni_kast_pouceni.md--65ec336dc6537d54ff05dd0f	0.04678362573099415	0.10256410256410257	0.10256410256410257	0	0	8	8	0	0	0	19	13	13	5	5	1	1	1	0	0	0.19569999999999999	0.19569999999999999	0.19569999999999999	0	0	0	0.769343925333942	0.9090909090909091	0.9090909090909091	0	0	17	11	11	3	3
2A_dokument_puvodni_vyzva_k_zaplaceni_SOP_a_k_doplneni_kast_pouceni.md--65ec336dc6537d54ff05dd0f	0.029239766081871343	0.17857142857142858	0.2	NA	NA	5	5	0	0	0	19	8	6	1	1	0.75	0.75	1	0	0	0.2732999999999999	0.2732999999999999	0.2732999999999999	0	0	0	0.9411764705882353	0.8333333333333334	0.75	NA	NA	17	6	4	0	0
41_A_32-2022_rozsudek_Martina_Kopy_Anna_Rybarova_a_kousava_akita_inu.md--65ec336dc6537d54ff05dd0f	0.013513513513513514	0.04285714285714286	0.05263157894736842	0	0	9	9	0	0	0	37	21	19	7	5	0.6923076923076923	0.6923076923076923	0.6923076923076923	0	0	0.06170000000000009	0.06170000000000009	0.06170000000000009	0	0	0	0.9435466856563904	0.8960070525249295	0.8837725881160976	0	0	35	19	17	5	3
2869_2020_VOP.md--65f07795c6537d54ff05dd61	0.010892333472978634	0.01851588092864264	0.01680428799072867	0.027586206896551727	0.019704433497536946	130	130	8	12	8	155	119	118	30	29	0.5492957746478874	0.5492957746478874	0.5408653846153846	0.6666666666666666	0.5	0.0808000000000002	0.0808000000000002	0.0915999999999999	0.038899999999999935	0.04170000000000007	2	0.9585009076015993	0.9457319560943993	0.9581987880348766	0.9285714285714286	0.9629629629629629	153	117	116	28	27
27135_2024_S.md--65f07795c6537d54ff05dd61	0.07575757575757576	0.33333333333333337	0.33333333333333337	NA	NA	5	5	0	0	0	12	6	6	1	1	0.75	0.75	0.75	0	0	0.36550000000000016	0.36550000000000016	0.36550000000000016	0	0	0	0.8438447187191169	0.6096117967977923	0.6096117967977923	NA	NA	10	4	4	0	0
5791_2023_VOP.md--65f07795c6537d54ff05dd61	0.01515151515151515	0.05858585858585859	0.05858585858585859	0.1923076923076923	0.1923076923076923	58	58	15	15	15	88	45	45	13	13	0.7548387096774194	0.7548387096774194	0.7548387096774194	0.9166666666666666	0.9166666666666666	0.11220000000000008	0.11220000000000008	0.11220000000000008	0.04039999999999999	0.04039999999999999	2	0.9252795642227294	0.8505591284454589	0.850559128445459	0.7594771535395828	0.7594771535395828	86	43	43	11	11
3056_2024_VOP.md--65f07795c6537d54ff05dd61	0.033182503770739065	0.06984126984126984	0.06984126984126984	0.06666666666666667	0.06666666666666667	44	44	7	7	7	52	36	36	15	15	0.5970873786407767	0.5970873786407767	0.5970873786407767	0.5454545454545454	0.5454545454545454	0.3427	0.3427	0.3427	0.0593999999999999	0.0593999999999999	2	0.8792118755478459	0.8223704052174204	0.8223704052174206	0.870342774409939	0.870342774409939	50	34	34	13	13
1732_2023_VOP.md--65f07795c6537d54ff05dd61	0.02017543859649123	0.02911392405063291	0.02911392405063291	0.06324110671936758	0.06324110671936758	92	92	16	16	16	96	80	80	23	23	0.5606796116504854	0.5606796116504854	0.5606796116504854	0.2647058823529412	0.2647058823529412	0.14320000000000022	0.14320000000000022	0.14320000000000022	0.08350000000000013	0.08350000000000013	2	0.9444997900836196	0.9331151316392339	0.9331151316392339	0.8922122453614297	0.8922122453614295	94	78	78	21	21
6421_2023_VOP.md--65f07795c6537d54ff05dd61	0.05094130675526024	0.08712121212121213	0.08712121212121213	0.2909090909090909	0.2909090909090909	46	46	16	16	16	43	33	33	11	11	0.6082474226804123	0.6082474226804123	0.6082474226804123	0.5172413793103449	0.5172413793103449	0.1381000000000001	0.1381000000000001	0.1381000000000001	0.06520000000000015	0.06520000000000015	2	0.853391047057992	0.8060978364315375	0.8060978364315375	0.6383846028237983	0.6383846028237985	41	31	31	9	9
6525_2022_VOP.md--65f07795c6537d54ff05dd61	0.12987012987012986	0.45454545454545453	0.45454545454545453	0.7	0.7	30	30	7	7	7	22	12	12	5	5	0.7005988023952096	0.7005988023952096	0.7005988023952096	0.6	0.6	0.21920000000000006	0.21920000000000006	0.21920000000000006	0.11199999999999988	0.11199999999999988	2	0.7299914860568506	0.45998297211370165	0.45998297211370176	0.33333333333333365	0.3333333333333333	20	10	10	3	3
1411_2023_VOP.md--65f07795c6537d54ff05dd61	0.03225806451612903	0.06755260243632337	0.06755260243632337	0.1794871794871795	0.1794871794871795	61	61	14	14	14	62	43	43	13	13	0.8571428571428571	0.8571428571428571	0.8571428571428571	1	1	0.1463000000000001	0.1463000000000001	0.1463000000000001	0.038999999999999924	0.038999999999999924	1	0.8793159503003537	0.8233891955614931	0.8233891955614931	0.7272727272727273	0.7272727272727273	60	41	41	11	11
1148_2024_VOP.md--65f07795c6537d54ff05dd61	0.08307692307692309	0.14210526315789473	0.11695906432748537	0.2222222222222222	0.2222222222222222	27	27	10	10	10	26	20	19	10	10	0.9615384615384616	0.9615384615384616	0.9473684210526315	1	1	0.2673000000000001	0.2673000000000001	0.14280000000000004	0.11620000000000008	0.11620000000000008	1	0.7594999219725516	0.6793332292967353	0.7210789772485917	0.625	0.625	24	18	17	8	8
1776_2024_VOP.md--65f07795c6537d54ff05dd61	0.06999999999999999	0.175	0.175	0.06666666666666667	0.06666666666666667	21	21	1	1	1	25	16	16	6	6	0.3287671232876712	0.3287671232876712	0.3287671232876712	0	0	0.16490000000000005	0.16490000000000005	0.16490000000000005	0.0394000000000001	0.0394000000000001	1	0.8298359220969324	0.7204447291592461	0.7204447291592461	1	1	23	14	14	4	4
2673_2024_VOP.md--65f07795c6537d54ff05dd61	0.05263157894736842	0.2	0.2	0.3333333333333333	0.3333333333333333	9	9	2	2	2	19	10	10	4	4	1	1	1	0	0	0.1795	0.1795	0.1795	0.07869999999999999	0.07869999999999999	1	0.8823529411764706	0.75	0.7500000000000001	6.370909979325212e-5	5.533409402036504e-5	17	8	8	2	2
2958_2023_VOP.md--65f07795c6537d54ff05dd61	0.009523809523809523	0.017094017094017092	0.010526315789473684	0	0	6	6	0	0	0	36	27	20	9	9	1	1	0	0	0	0.2359	0.2359	0.017800000000000038	0	0	0	0.8904089649321332	0.8861318511019326	0.9999999999999998	0	0	34	25	18	7	7
4241_2023_VOP.md--65f07795c6537d54ff05dd61	0.02588235294117647	0.05238095238095238	0.05238095238095238	0.13333333333333333	0.13333333333333333	33	33	6	6	6	51	36	36	10	10	0.7788461538461539	0.7788461538461539	0.7788461538461539	1	1	0.21850000000000036	0.21850000000000036	0.21850000000000036	0.05180000000000007	0.05180000000000007	1	0.9067802013453958	0.8656538195860117	0.8656538195860121	0.875	0.8750000000000001	49	34	34	8	8
4842_2023_VOP.md--65f07795c6537d54ff05dd61	0.01948051948051948	0.056818181818181816	0.05443548387096774	0.3333333333333333	0.3333333333333333	30	30	7	7	7	56	33	32	7	7	0.7981651376146789	0.7981651376146789	0.7959183673469388	1	1	0.13949999999999996	0.13949999999999996	0.12260000000000004	0.011700000000000044	0.011700000000000044	1	0.9196264264212579	0.859994420217675	0.8553275675582644	0.6	0.6000000000000003	54	31	30	5	5
857_2024_VOP.md--65f07795c6537d54ff05dd61	0.034188034188034185	0.1142857142857143	0.13186813186813187	0.2	0.3333333333333333	12	12	2	2	2	27	15	14	5	4	1	1	1	0	0	0.19740000000000002	0.19740000000000002	0.19740000000000002	0.03709999999999991	0.03709999999999991	1	0.92	0.8461538461538461	0.8333333333333334	0.3333468996627955	1.2319993126785889e-5	25	13	12	3	2
12890_2022_VOP.md--65f07795c6537d54ff05dd61	0.015853658536585366	0.02620967741935484	0.02620967741935484	0.01515151515151515	0.01515151515151515	13	13	1	1	1	41	32	32	12	12	0.5769230769230769	0.5769230769230769	0.5769230769230769	0	0	0.20220000000000016	0.20220000000000016	0.20220000000000016	0.04479999999999995	0.04479999999999995	1	0.9230021841022664	0.8999028393329465	0.8999028393329465	1	1	39	30	30	10	10
15934_2022_VOP.md--65f07795c6537d54ff05dd61	0.036734693877551024	0.06401137980085347	0.04278074866310161	0.10256410256410257	0.045454545454545456	45	45	3	8	3	50	38	34	13	12	0.6127659574468085	0.6127659574468085	0.8823529411764706	0.631578947368421	1	0.21989999999999998	0.21989999999999998	0.12369999999999992	0.07079999999999997	0.0475000000000001	1	0.8896983389298908	0.8529311185731877	0.90625	0.8020536653727923	0.9	48	36	32	11	10
16668_2022_VOP.md--65f07795c6537d54ff05dd61	0.07246376811594203	0.10526315789473684	0.10526315789473684	0.16666666666666666	0.16666666666666666	20	20	1	1	1	24	20	20	4	4	0.4642857142857143	0.4642857142857143	0.4642857142857143	0	0	0.21589999999999998	0.21589999999999998	0.21589999999999998	0.0616000000000001	0.0616000000000001	1	0.8243796255132633	0.7853528756273217	0.7853528756273218	1.0000000000000002	1	22	18	18	2	2
4834_2023_VOP.md--65f07795c6537d54ff05dd61	0.07894736842105263	0.16483516483516483	0.16483516483516483	0.3333333333333333	0.3333333333333333	15	15	2	2	2	20	14	14	4	4	0.75	0.75	0.75	0	0	0.27760000000000007	0.27760000000000007	0.27760000000000007	0.05599999999999983	0.05599999999999983	2	0.8530138160519671	0.7795207240779507	0.7795207240779508	0.7928932188134525	0.7928932188134523	18	12	12	2	2
5682_2023_VOP.md--65f07795c6537d54ff05dd61	0.08300395256916995	0.13725490196078433	0.13725490196078433	0.3	0.3	21	21	3	3	3	23	18	18	5	5	0.5909090909090909	0.5909090909090909	0.5909090909090909	0	0	0.25060000000000016	0.25060000000000016	0.25060000000000016	0.03980000000000006	0.03980000000000006	2	0.8494153495157916	0.8023576462394764	0.8023576462394764	0.7559830641437074	0.7559830641437074	21	16	16	3	3
6417_2023_VOP.md--65f07795c6537d54ff05dd61	0.08421052631578947	0.20512820512820515	0.2909090909090909	0.4	0.6	16	16	6	6	6	20	13	11	6	5	1	1	1	1	1	0.14250000000000007	0.14250000000000007	0.14250000000000007	0.07069999999999999	0.07069999999999999	1	0.7777777777777777	0.6363636363636365	0.5555555555555556	0.5000000000000001	0.33333333333333365	18	11	9	4	3
7056_2023_VOP.md--65f07795c6537d54ff05dd61	0.056097560975609764	0.13105413105413105	0.12615384615384614	0.21818181818181817	0.21818181818181817	46	46	12	12	12	41	27	26	11	11	0.8140703517587939	0.8140703517587939	0.8098159509202454	0.7272727272727273	0.7272727272727273	0.23399999999999999	0.23399999999999999	0.1874	0.09970000000000012	0.09970000000000012	2	0.8663410594708149	0.7914920527744712	0.7922196812832784	0.7060276321039344	0.7060276321039345	39	25	24	9	9
Zlonice_Namitky_k_navrhu_OOP_rev.md--65ec336dc6537d54ff05dd0f	0.04575163398692811	0.10606060606060606	0.16666666666666666	0	0	7	7	0	0	0	18	12	9	5	4	1	1	1	0	0	0.19379999999999997	0.19379999999999997	0.1762999999999999	0	0	0	0.7616395635033161	0.6408203278084439	0.48716324304269626	0	0	16	10	7	3	2
Zaloba_na_zruseni_spoluvlastnictvi_rev.md--65ec336dc6537d54ff05dd0f	0.021538461538461538	0.051470588235294115	0.05714285714285715	0.047619047619047616	0.06666666666666667	7	7	1	1	1	26	17	15	7	6	0.6	0.6	0.6	0	0	0.2391000000000001	0.2391000000000001	0.2391000000000001	0.02200000000000002	0.02200000000000002	1	0.9349352994662987	0.895896479146078	0.8798805528608592	1	1	24	15	13	5	4
Zaloba_na_zruseni_spoluvlastnictvi.md--65ec336dc6537d54ff05dd0f	0.024615384615384615	0.058823529411764705	0.05714285714285715	0.047619047619047616	0	8	8	0	1	0	26	17	15	7	6	1	1	1	0	0	0.15270000000000006	0.15270000000000006	0.14749999999999996	0.02079999999999993	0	0	0.9583333333333334	0.7392795382758284	0.9230769230769231	1	0	24	15	13	5	4
Reakce_na_dopis_rev.md--65ec336dc6537d54ff05dd0f	0.05714285714285715	0.07692307692307693	0.07692307692307693	0	0	6	6	0	0	0	15	13	13	5	5	1	1	1	0	0	0.16609999999999991	0.16609999999999991	0.16609999999999991	0	0	0	0.9230769230769231	0.9090909090909091	0.9090909090909091	0	0	13	11	11	3	3
Reakce_na_dopis_pracovni.md--65ec336dc6537d54ff05dd0f	0.1111111111111111	0.14285714285714285	0.14285714285714285	0	0	4	4	0	0	0	9	8	8	3	3	1	1	1	0	0	0.22849999999999993	0.22849999999999993	0.22849999999999993	0	0	0	0.8571428571428571	0.8333333333333334	0.8333333333333334	0	0	7	6	6	1	1
Odvolani_rev.md--65ec336dc6537d54ff05dd0f	0.05797101449275362	0.1045751633986928	0.1045751633986928	0	0	16	16	0	0	0	24	18	18	6	6	0.75	0.75	0.75	0	0	0.39659999999999984	0.39659999999999984	0.39659999999999984	0	0	0	0.9090909090909091	0.875	0.875	0	0	22	16	16	4	4
Odvolani.md--65ec336dc6537d54ff05dd0f	0.058712121212121215	0.10333333333333333	0.10333333333333333	0.027777777777777776	0.027777777777777776	31	31	1	1	1	33	25	25	9	9	0.7764705882352941	0.7764705882352941	0.7764705882352941	0	0	0.2929999999999999	0.2929999999999999	0.2929999999999999	0.03180000000000005	0.03180000000000005	1	0.8723000736292873	0.8278827079351265	0.8278827079351265	1	1	31	23	23	7	7
Pravni rada_myslivecky sbor.md--677e86e4c6537d54ff065092	0.2	0.6	0.6	0	0	9	9	0	0	0	10	6	5	3	3	0	0	0	0	0	0.8010000000000002	0.8010000000000002	0.2398	0	0	0	0.5000000000000002	0	0.18350341907227433	0	0	8	4	3	1	1
0017_0Vol_2200026_20221212160257.md--65ec336dc6537d54ff05dd0f	0.034188034188034185	0.07017543859649122	0.07017543859649122	0.03571428571428571	0.03571428571428571	12	12	1	1	1	27	19	19	8	8	0.15789473684210525	0.15789473684210525	0.15789473684210525	0	0	0.15399999999999991	0.15399999999999991	0.15399999999999991	0.07139999999999991	0.07139999999999991	1	0.8868629150101524	0.8336219338384595	0.8336219338384595	1	1	25	17	17	6	6
Zlonice_Namitky_k_navrhu_OOP.md--65ec336dc6537d54ff05dd0f	0.028571428571428574	0.08333333333333333	0.13333333333333333	0	0	3	3	0	0	0	15	9	6	4	3	0	0	0	0	0	0.21629999999999994	0.21629999999999994	0.15480000000000005	0	0	0	1	1	0.5668581023085472	0	0	13	7	4	2	1
230514_Policejni_zprava_orig.md--65ec336dc6537d54ff05dd0f	0.009523809523809523	0.022222222222222223	0.022222222222222223	0	0	1	1	0	0	0	15	10	10	5	5	0	0	0	0	0	0.08830000000000005	0.08830000000000005	0.08830000000000005	0	0	0	1	1	1	0	0	13	8	8	3	3
025010As__2300064_20240523091704.md--6549578ac6537d54ff05c2d4	3.6036036036036037e-4	4.96031746031746e-4	6.049606775559588e-4	0	0	1	1	0	0	0	75	64	58	13	11	0	0	0	0	0	0.0492999999999999	0.0492999999999999	0.0492999999999999	0	0	0	1	1	1	0	0	73	62	56	11	9
Mestsky_urad__Vyzva_k_odstraneni_trabanta.md--65ec336dc6537d54ff05dd0f	0.044444444444444446	0.6666666666666666	0.6666666666666666	NA	NA	2	2	0	0	0	10	3	3	0	0	0	0	0	0	0	0.3802000000000001	0.3802000000000001	0.3802000000000001	NA	NA	NA	0.9482233047033631	0.5857864376269046	0.5857864376269055	NA	NA	8	1	1	NA	NA
Mestsky_urad_usneseni_-_slouceni_pred.md--65ec336dc6537d54ff05dd0f	0.047619047619047616	1	1	NA	NA	1	1	0	0	0	7	2	2	1	1	0	0	0	0	0	0.4716	0.4716	0.4716	0	0	0	1	NA	NA	NA	NA	5	0	0	0	0
Odvolani_proti_rozhodnuti_o_nepovoleni_kaceni_rev.md--65ec336dc6537d54ff05dd0f	0.019047619047619046	0.025641025641025644	0.03571428571428571	0	0	2	2	0	0	0	15	13	8	5	4	0	0	0	0	0	0.0686	0.0686	0.059499999999999886	0	0	0	1	1	1	0	0	13	11	6	3	2
Odvolani_proti_rozhodnuti_o_nepovoleni_kaceni.md--65ec336dc6537d54ff05dd0f	0.0303030303030303	0.044444444444444446	0.047619047619047616	0	0	2	2	0	0	0	12	10	7	4	3	0	0	0	0	0	0.06830000000000003	0.06830000000000003	0.05489999999999995	0	0	0	0.8598858943414621	0.8825869535488629	1	0	0	10	8	5	2	1
Odvod_dulnich_vod_Porubice.md--65ec336dc6537d54ff05dd0f	0.1	0.3333333333333333	0.3333333333333333	NA	NA	1	1	0	0	0	5	3	3	1	1	0	0	0	0	0	0.8346	0.8346	0.8346	0	0	0	1	1.0000000000000002	1.0000000000000002	NA	NA	3	1	1	0	0
Dopis ID_dluh_jinak.md--65ec336dc6537d54ff05dd0f	0	0	0	0	0	0	0	0	0	0	25	13	13	5	5	0	0	0	0	0	0	0	0	0	0	0	0	0	0	0	0	23	11	11	3	3
Dopis vysvětlující dopis klientovi rev.md--65ec336dc6537d54ff05dd0f	0	0	0	NA	NA	0	0	0	0	0	10	6	6	1	1	0	0	0	0	0	0	0	0	0	0	0	0	0	0	NA	NA	8	4	4	0	0
ockovani-1_kusv.md--65ec336dc6537d54ff05dd0f	0	0	0	0	0	0	0	0	0	0	13	12	10	2	2	0	0	0	0	0	0	0	0	0	0	0	0	0	0	NA	NA	11	10	8	0	0
ockovani-3_orig.md--65ec336dc6537d54ff05dd0f	0	0	0	NA	NA	0	0	0	0	0	8	7	5	1	1	0	0	0	0	0	0	0	0	0	0	0	0	0	0	NA	NA	6	5	3	0	0
11_vizum_po.md--65ec336dc6537d54ff05dd0f	0	0	0	0	0	0	0	0	0	0	17	7	7	2	2	0	0	0	0	0	0	0	0	0	0	0	0	0	0	NA	NA	15	5	5	0	0
11_vizum_pred.md--65ec336dc6537d54ff05dd0f	0	0	0	0	0	0	0	0	0	0	36	26	13	10	6	0	0	0	0	0	0	0	0	0	0	0	0	0	0	0	0	34	24	11	8	4
zaloba-2_kusv.md--65ec336dc6537d54ff05dd0f	0	0	0	0	0	0	0	0	0	0	16	10	10	5	5	0	0	0	0	0	0	0	0	0	0	0	0	0	0	0	0	14	8	8	3	3
důchod_původní.md--65f07795c6537d54ff05dd61	0	0	0	0	0	0	0	0	0	0	24	17	7	3	2	0	0	0	0	0	0	0	0	0	0	0	0	0	0	0	NA	22	15	5	1	0
MV_KUVK_stiznost.md--65ec336dc6537d54ff05dd0f	0	0	NA	NA	NA	0	0	0	0	0	12	7	1	1	1	0	0	0	0	0	0	0	0	0	0	0	0	0	NA	NA	NA	10	5	0	0	0
Mestsky_urad_Nesoucinnost-U.md--65ec336dc6537d54ff05dd0f	0	0	0	0	NA	0	0	0	0	0	10	5	3	2	1	0	0	0	0	0	0	0	0	0	0	0	0	0	0	NA	NA	8	3	1	0	0
Dopis vysvětlující dopis klientovi.md--65ec336dc6537d54ff05dd0f	0	0	0	NA	NA	0	0	0	0	0	11	4	4	0	0	0	0	0	0	0	0	0	0	NA	NA	NA	0	0	0	NA	NA	9	2	2	NA	NA
Dopis_studentské brigády.md--65ec336dc6537d54ff05dd0f	0	0	0	NA	NA	0	0	0	0	0	10	7	6	0	0	0	0	0	0	0	0	0	0	NA	NA	NA	0	0	0	NA	NA	8	5	4	NA	NA
Dopis_studentské_brigády_jinak.md--65ec336dc6537d54ff05dd0f	0	0	0	NA	NA	0	0	0	0	0	13	8	8	0	0	0	0	0	0	0	0	0	0	NA	NA	NA	0	0	0	NA	NA	11	6	6	NA	NA
Mestsky_urad_Vyzva_k_zaplaceni_nakladu_rizeni_sroz.md--65ec336dc6537d54ff05dd0f	0	NA	NA	NA	NA	0	0	0	0	0	5	1	1	0	0	0	0	0	0	0	0	0	0	NA	NA	NA	0	NA	NA	NA	NA	3	0	0	NA	NA
Mestsky_urad_Vyzva_k_zaplaceni_nakladu_rizeni_pred.md--65ec336dc6537d54ff05dd0f	0	NA	NA	NA	NA	0	0	0	0	0	6	1	0	0	0	0	0	0	0	0	0	0	NA	NA	NA	NA	0	NA	NA	NA	NA	4	0	NA	NA	NA
Pravni-rada-Knapova.md--65ec336dc6537d54ff05dd0f	0	0	0	NA	NA	0	0	0	0	0	25	9	5	0	0	0	0	0	0	0	0	0	0	NA	NA	NA	0	0	0	NA	NA	23	7	3	NA	NA
PR_Turek.md--65ec336dc6537d54ff05dd0f	0	0	0	NA	NA	0	0	0	0	0	34	15	10	0	0	0	0	0	0	0	0	0	0	NA	NA	NA	0	0	0	NA	NA	32	13	8	NA	NA
